time,strategy,identifier,symbol,side,type,status,multiplier,time_in_force,asset.strike,asset.multiplier,asset.asset_type,price,filled_quantity,trade_cost
2020-01-03 09:30:00-05:00,sarsa_strat,0f63345d36f340029ba87c7a154d2afb,SPY,buy,market,new,1,gtc,0.0,1,stock,,,
2020-01-03 09:30:00-05:00,sarsa_strat,0f63345d36f340029ba87c7a154d2afb,SPY,buy,market,fill,1,gtc,0.0,1,stock,321.1600036621094,164.0,0.0
2020-01-06 09:30:00-05:00,sarsa_strat,209b84a716df46b8b6e315312e2855a8,SPY,buy,market,new,1,gtc,0.0,1,stock,,,
2020-01-06 09:30:00-05:00,sarsa_strat,209b84a716df46b8b6e315312e2855a8,SPY,buy,market,fill,1,gtc,0.0,1,stock,320.489990234375,77.0,0.0
2020-01-07 09:30:00-05:00,sarsa_strat,3fba0dd0d85a43cd894cbe7d6839954c,SPY,sell,stop,canceled,1,day,0.0,1,stock,,,
2020-01-07 09:30:00-05:00,sarsa_strat,305c0b8c9219482da79a8478299b42bf,SPY,sell,limit,canceled,1,day,0.0,1,stock,,,
2020-01-07 09:30:00-05:00,sarsa_strat,72ebeda25c884247aff04b314f0a0339,SPY,sell,stop,canceled,1,day,0.0,1,stock,,,
2020-01-07 09:30:00-05:00,sarsa_strat,a616d266e70f4dc495b7e9b68580dba6,SPY,sell,limit,canceled,1,day,0.0,1,stock,,,
2020-01-07 09:30:00-05:00,sarsa_strat,9db1c4375f154c3da977214b89ace9b7,SPY,sell,market,new,1,day,0.0,1,stock,,,
2020-01-07 09:30:00-05:00,sarsa_strat,9db1c4375f154c3da977214b89ace9b7,SPY,sell,market,fill,1,day,0.0,1,stock,323.0199890136719,241.0,0.0
2020-01-08 09:30:00-05:00,sarsa_strat,d5da8b2780624cb481f4484143f63666,SPY,buy,market,new,1,gtc,0.0,1,stock,,,
2020-01-08 09:30:00-05:00,sarsa_strat,d5da8b2780624cb481f4484143f63666,SPY,buy,market,fill,1,gtc,0.0,1,stock,322.94000244140625,156.0,0.0
2020-01-09 09:30:00-05:00,sarsa_strat,1fa08ec967d146218871419bdeb27ff1,SPY,buy,market,new,1,gtc,0.0,1,stock,,,
2020-01-09 09:30:00-05:00,sarsa_strat,1fa08ec967d146218871419bdeb27ff1,SPY,buy,market,fill,1,gtc,0.0,1,stock,326.1600036621094,81.0,0.0
2020-01-10 09:30:00-05:00,sarsa_strat,cd79b24fb4d04fd3b2ea80759c629409,SPY,buy,market,new,1,gtc,0.0,1,stock,,,
2020-01-10 09:30:00-05:00,sarsa_strat,cd79b24fb4d04fd3b2ea80759c629409,SPY,buy,market,fill,1,gtc,0.0,1,stock,327.2900085449219,38.0,0.0
2020-01-13 09:30:00-05:00,sarsa_strat,c045c76ceece4ad595805d97ccd8e44e,SPY,buy,market,new,1,gtc,0.0,1,stock,,,
2020-01-13 09:30:00-05:00,sarsa_strat,c045c76ceece4ad595805d97ccd8e44e,SPY,buy,market,fill,1,gtc,0.0,1,stock,326.3900146484375,20.0,0.0
2020-01-14 09:30:00-05:00,sarsa_strat,e68d507d36f045d394f6a397912a6e66,SPY,buy,market,new,1,gtc,0.0,1,stock,,,
2020-01-14 09:30:00-05:00,sarsa_strat,e68d507d36f045d394f6a397912a6e66,SPY,buy,market,fill,1,gtc,0.0,1,stock,327.4700012207031,8.0,0.0
2020-01-15 09:30:00-05:00,sarsa_strat,d716bb304fb144ce8d4d607985acc73b,SPY,buy,market,new,1,gtc,0.0,1,stock,,,
2020-01-15 09:30:00-05:00,sarsa_strat,d716bb304fb144ce8d4d607985acc73b,SPY,buy,market,fill,1,gtc,0.0,1,stock,327.3500061035156,4.0,0.0
2020-01-16 09:30:00-05:00,sarsa_strat,ae56eb8131f1456ba14610205efe6408,SPY,buy,market,new,1,gtc,0.0,1,stock,,,
2020-01-16 09:30:00-05:00,sarsa_strat,ae56eb8131f1456ba14610205efe6408,SPY,buy,market,fill,1,gtc,0.0,1,stock,329.70001220703125,1.0,0.0
2020-01-21 09:30:00-05:00,sarsa_strat,233e48abde194121be3df01b26348857,SPY,buy,market,new,1,gtc,0.0,1,stock,,,
2020-01-21 09:30:00-05:00,sarsa_strat,233e48abde194121be3df01b26348857,SPY,buy,market,fill,1,gtc,0.0,1,stock,330.8999938964844,1.0,0.0
2020-02-25 09:30:00-05:00,sarsa_strat,53dfa679376547cfb0f9666c1cf4498d,SPY,sell,limit,canceled,1,day,0.0,1,stock,,,
2020-02-25 09:30:00-05:00,sarsa_strat,2b00d564a83649dba74f0c73af714164,SPY,sell,stop,fill,1,day,0.0,1,stock,313.2150115966797,1.0,0.0
2020-02-25 09:30:00-05:00,sarsa_strat,6c2de6fc78374a24aa85064d55d79b20,SPY,sell,limit,canceled,1,day,0.0,1,stock,,,
2020-02-25 09:30:00-05:00,sarsa_strat,349f5e0133eb44619d757768ba2d770d,SPY,sell,stop,fill,1,day,0.0,1,stock,314.35499420166013,1.0,0.0
2020-02-26 09:30:00-05:00,sarsa_strat,6405a716e96b4a1794cecf9bcb5c88f8,SPY,buy,market,new,1,gtc,0.0,1,stock,,,
2020-02-26 09:30:00-05:00,sarsa_strat,04b4f72a4cbe4c1482e7de47d2d20a5d,SPY,sell,limit,canceled,1,day,0.0,1,stock,,,
2020-02-26 09:30:00-05:00,sarsa_strat,9c234edb226a4aeb9c82854176f38a8d,SPY,sell,stop,fill,1,day,0.0,1,stock,310.92550811767575,38.0,0.0
2020-02-26 09:30:00-05:00,sarsa_strat,aec7d42554ba4d97a9a2ad527c3ab987,SPY,sell,limit,canceled,1,day,0.0,1,stock,,,
2020-02-26 09:30:00-05:00,sarsa_strat,faaea1595eab4b74b806cd5cd92a856f,SPY,sell,stop,fill,1,day,0.0,1,stock,311.096501159668,8.0,0.0
2020-02-26 09:30:00-05:00,sarsa_strat,68a5d838ce4c4d0dadef53b3d329881e,SPY,sell,limit,canceled,1,day,0.0,1,stock,,,
2020-02-26 09:30:00-05:00,sarsa_strat,775b766e902e48b3ab80d933ede4751e,SPY,sell,stop,fill,1,day,0.0,1,stock,310.98250579833984,4.0,0.0
2020-02-26 09:30:00-05:00,sarsa_strat,6405a716e96b4a1794cecf9bcb5c88f8,SPY,buy,market,fill,1,gtc,0.0,1,stock,314.17999267578125,1.0,0.0
2020-02-27 09:30:00-05:00,sarsa_strat,1eb289ce469c49c0a12c2f3055d66482,SPY,sell,limit,canceled,1,day,0.0,1,stock,,,
2020-02-27 09:30:00-05:00,sarsa_strat,ff1325d328a64eb99f09cba843ece599,SPY,sell,stop,fill,1,day,0.0,1,stock,305.4599914550781,156.0,0.0
2020-02-27 09:30:00-05:00,sarsa_strat,4efe72f0344b4952997f388f26957d0c,SPY,sell,limit,canceled,1,day,0.0,1,stock,,,
2020-02-27 09:30:00-05:00,sarsa_strat,84e808cba2684a579437645ad1a0a131,SPY,sell,stop,fill,1,day,0.0,1,stock,305.4599914550781,81.0,0.0
2020-02-27 09:30:00-05:00,sarsa_strat,eed2e0e062af4303b5ad6bf9c59046d5,SPY,sell,limit,canceled,1,day,0.0,1,stock,,,
2020-02-27 09:30:00-05:00,sarsa_strat,970b0df152314c80a56792dfcf63da32,SPY,sell,stop,fill,1,day,0.0,1,stock,305.4599914550781,20.0,0.0
2020-02-27 09:30:00-05:00,sarsa_strat,c3c039eccb414dea85e4fe6f95b2d20e,SPY,sell,limit,canceled,1,day,0.0,1,stock,,,
2020-02-27 09:30:00-05:00,sarsa_strat,72d64ab37ef7426db16f3817a96f34b2,SPY,sell,stop,fill,1,day,0.0,1,stock,298.4709930419922,1.0,0.0
2020-03-02 09:30:00-05:00,sarsa_strat,78d1f54cae6944698eba8f3d443e08bb,SPY,buy,market,new,1,gtc,0.0,1,stock,,,
2020-03-02 09:30:00-05:00,sarsa_strat,78d1f54cae6944698eba8f3d443e08bb,SPY,buy,market,fill,1,gtc,0.0,1,stock,298.2099914550781,180.0,0.0
2020-03-09 08:30:00-04:00,sarsa_strat,6c004dbcf4314ab1942332f96b0250eb,SPY,sell,limit,canceled,1,day,0.0,1,stock,,,
2020-03-09 08:30:00-04:00,sarsa_strat,692869506ab04f0ab49f9e63b6616b2a,SPY,sell,stop,fill,1,day,0.0,1,stock,275.29998779296875,180.0,0.0
2020-03-10 09:30:00-04:00,sarsa_strat,dda3ab24a5d64ba9a343441f3a2d6a11,SPY,buy,market,new,1,gtc,0.0,1,stock,,,
2020-03-10 09:30:00-04:00,sarsa_strat,dda3ab24a5d64ba9a343441f3a2d6a11,SPY,buy,market,fill,1,gtc,0.0,1,stock,284.6400146484375,159.0,0.0
2020-03-12 09:30:00-04:00,sarsa_strat,4042da31b83f43058933b37c02d5eed0,SPY,sell,limit,canceled,1,day,0.0,1,stock,,,
2020-03-12 09:30:00-04:00,sarsa_strat,ab2d9643fb1a4fe385d647d91f12afd0,SPY,sell,stop,fill,1,day,0.0,1,stock,256.0,159.0,0.0
2020-03-25 09:30:00-04:00,sarsa_strat,5df69b63d21d4498b5557550dec5a407,SPY,buy,market,new,1,gtc,0.0,1,stock,,,
2020-03-25 09:30:00-04:00,sarsa_strat,5df69b63d21d4498b5557550dec5a407,SPY,buy,market,fill,1,gtc,0.0,1,stock,244.8699951171875,199.0,0.0
2020-03-30 09:30:00-04:00,sarsa_strat,9af5bf215d4a4726ba138d9b10f0eab5,SPY,buy,market,new,1,gtc,0.0,1,stock,,,
2020-03-30 09:30:00-04:00,sarsa_strat,9af5bf215d4a4726ba138d9b10f0eab5,SPY,buy,market,fill,1,gtc,0.0,1,stock,255.6999969482422,78.0,0.0
2020-03-31 09:30:00-04:00,sarsa_strat,af1211618cd34c37ba493c0ef81f2f6d,SPY,buy,market,new,1,gtc,0.0,1,stock,,,
2020-03-31 09:30:00-04:00,sarsa_strat,af1211618cd34c37ba493c0ef81f2f6d,SPY,buy,market,fill,1,gtc,0.0,1,stock,260.55999755859375,38.0,0.0
2020-04-01 09:30:00-04:00,sarsa_strat,efaa3dc452ad41419dc40ef4b1fa0e4f,SPY,buy,market,new,1,gtc,0.0,1,stock,,,
2020-04-01 09:30:00-04:00,sarsa_strat,4cba8d4cfc9c4b90b3baf29b8878b36a,SPY,sell,limit,canceled,1,day,0.0,1,stock,,,
2020-04-01 09:30:00-04:00,sarsa_strat,cc8b04b44ae340b8ac125356378e6cfc,SPY,sell,stop,fill,1,day,0.0,1,stock,247.53199768066406,38.0,0.0
2020-04-01 09:30:00-04:00,sarsa_strat,efaa3dc452ad41419dc40ef4b1fa0e4f,SPY,buy,market,fill,1,gtc,0.0,1,stock,247.97999572753906,15.0,0.0
2020-04-08 09:30:00-04:00,sarsa_strat,2c7e0b414c934076aabf01dbe8155af3,SPY,buy,market,new,1,gtc,0.0,1,stock,,,
2020-04-08 09:30:00-04:00,sarsa_strat,2c7e0b414c934076aabf01dbe8155af3,SPY,buy,market,fill,1,gtc,0.0,1,stock,267.9599914550781,28.0,0.0
2020-04-09 09:30:00-04:00,sarsa_strat,a7aeeadc0ea844d19bf1cb68603897f3,SPY,sell,stop,canceled,1,day,0.0,1,stock,,,
2020-04-09 09:30:00-04:00,sarsa_strat,bf47c2744ef940f0adb154e500a78dbb,SPY,sell,limit,canceled,1,day,0.0,1,stock,,,
2020-04-09 09:30:00-04:00,sarsa_strat,d78e810114504cd8ba4df0905d7827ab,SPY,sell,stop,canceled,1,day,0.0,1,stock,,,
2020-04-09 09:30:00-04:00,sarsa_strat,e080bc24c1154e1b95dee97935318fd3,SPY,sell,limit,canceled,1,day,0.0,1,stock,,,
2020-04-09 09:30:00-04:00,sarsa_strat,78dee92f7fad44618d4f3e2c285b1f0e,SPY,sell,stop,canceled,1,day,0.0,1,stock,,,
2020-04-09 09:30:00-04:00,sarsa_strat,5795336ff58946f6bbe8bb034ed81cf3,SPY,sell,limit,canceled,1,day,0.0,1,stock,,,
2020-04-09 09:30:00-04:00,sarsa_strat,f5f936c53379491ca12747e371af9ac3,SPY,sell,stop,canceled,1,day,0.0,1,stock,,,
2020-04-09 09:30:00-04:00,sarsa_strat,ff3cf6515ddc47b5bcd44ac00f25828a,SPY,sell,limit,canceled,1,day,0.0,1,stock,,,
2020-04-09 09:30:00-04:00,sarsa_strat,73d2c1014bc44200a1dd859b36a613c1,SPY,sell,market,new,1,day,0.0,1,stock,,,
2020-04-09 09:30:00-04:00,sarsa_strat,73d2c1014bc44200a1dd859b36a613c1,SPY,sell,market,fill,1,day,0.0,1,stock,277.5799865722656,320.0,0.0
2020-04-13 09:30:00-04:00,sarsa_strat,9b1655f5b15147848c288b3dfedd3969,SPY,buy,market,new,1,gtc,0.0,1,stock,,,
2020-04-13 09:30:00-04:00,sarsa_strat,9b1655f5b15147848c288b3dfedd3969,SPY,buy,market,fill,1,gtc,0.0,1,stock,277.1400146484375,171.0,0.0
2020-04-14 09:30:00-04:00,sarsa_strat,0f03927903f14dcf8dab6c3d9a0ef7b3,SPY,buy,market,new,1,gtc,0.0,1,stock,,,
2020-04-14 09:30:00-04:00,sarsa_strat,0f03927903f14dcf8dab6c3d9a0ef7b3,SPY,buy,market,fill,1,gtc,0.0,1,stock,280.9800109863281,86.0,0.0
2020-04-15 09:30:00-04:00,sarsa_strat,a3ef17d9deea4ebe98baee42c1ac158f,SPY,buy,market,new,1,gtc,0.0,1,stock,,,
2020-04-15 09:30:00-04:00,sarsa_strat,a3ef17d9deea4ebe98baee42c1ac158f,SPY,buy,market,fill,1,gtc,0.0,1,stock,277.57000732421875,41.0,0.0
2020-04-16 09:30:00-04:00,sarsa_strat,753f7e0469824ad3959c2a9f41a42675,SPY,buy,market,new,1,gtc,0.0,1,stock,,,
2020-04-16 09:30:00-04:00,sarsa_strat,753f7e0469824ad3959c2a9f41a42675,SPY,buy,market,fill,1,gtc,0.0,1,stock,279.1499938964844,23.0,0.0
2020-04-17 09:30:00-04:00,sarsa_strat,5241db99fadd4867bca8165f55000f8d,SPY,buy,market,new,1,gtc,0.0,1,stock,,,
2020-04-17 09:30:00-04:00,sarsa_strat,5241db99fadd4867bca8165f55000f8d,SPY,buy,market,fill,1,gtc,0.0,1,stock,285.3800048828125,10.0,0.0
2020-04-20 09:30:00-04:00,sarsa_strat,edefa7033f5c444496368573f9941c39,SPY,buy,market,new,1,gtc,0.0,1,stock,,,
2020-04-20 09:30:00-04:00,sarsa_strat,edefa7033f5c444496368573f9941c39,SPY,buy,market,fill,1,gtc,0.0,1,stock,282.6099853515625,4.0,0.0
2020-04-21 09:30:00-04:00,sarsa_strat,926ba34b20ea4fd19cc7240f0370c00f,SPY,buy,market,new,1,gtc,0.0,1,stock,,,
2020-04-21 09:30:00-04:00,sarsa_strat,926ba34b20ea4fd19cc7240f0370c00f,SPY,buy,market,fill,1,gtc,0.0,1,stock,276.7300109863281,3.0,0.0
2020-04-22 09:30:00-04:00,sarsa_strat,0625297c48f94957aabcbc217e4e6479,SPY,buy,market,new,1,gtc,0.0,1,stock,,,
2020-04-22 09:30:00-04:00,sarsa_strat,0625297c48f94957aabcbc217e4e6479,SPY,buy,market,fill,1,gtc,0.0,1,stock,278.3500061035156,1.0,0.0
2020-06-22 09:30:00-04:00,sarsa_strat,93bfad0af9104b9a9cc9542827e7510b,SPY,buy,market,new,1,gtc,0.0,1,stock,,,
2020-06-22 09:30:00-04:00,sarsa_strat,93bfad0af9104b9a9cc9542827e7510b,SPY,buy,market,fill,1,gtc,0.0,1,stock,307.989990234375,1.0,0.0
2020-07-01 09:30:00-04:00,sarsa_strat,fc8bed93b7f24f09bd05a060b5b385ad,SPY,buy,market,new,1,gtc,0.0,1,stock,,,
2020-07-01 09:30:00-04:00,sarsa_strat,fc8bed93b7f24f09bd05a060b5b385ad,SPY,buy,market,fill,1,gtc,0.0,1,stock,309.57000732421875,1.0,0.0
2020-08-05 09:30:00-04:00,sarsa_strat,cfd26c6210e7484b9032510ec5a1097c,SPY,sell,stop,canceled,1,day,0.0,1,stock,,,
2020-08-05 09:30:00-04:00,sarsa_strat,241b6b10374d4a08b8e8a4662afdb46d,SPY,sell,limit,fill,1,day,0.0,1,stock,332.0760131835937,3.0,0.0
2020-08-06 09:30:00-04:00,sarsa_strat,422f6ce8157e4efd92323a290618cd30,SPY,buy,market,new,1,gtc,0.0,1,stock,,,
2020-08-06 09:30:00-04:00,sarsa_strat,9f05cc6d8de34abf9ec17a39c2b7b00c,SPY,sell,stop,canceled,1,day,0.0,1,stock,,,
2020-08-06 09:30:00-04:00,sarsa_strat,c6c93fc4ed8b4507a46699a9cafcb39d,SPY,sell,limit,fill,1,day,0.0,1,stock,332.56801757812497,171.0,0.0
2020-08-06 09:30:00-04:00,sarsa_strat,6d0dd6ef5df34ef29ed949b34b477119,SPY,sell,stop,canceled,1,day,0.0,1,stock,,,
2020-08-06 09:30:00-04:00,sarsa_strat,1e76d8e1f40e4ca699d1a0766d1c08ae,SPY,sell,limit,fill,1,day,0.0,1,stock,333.08400878906247,41.0,0.0
2020-08-06 09:30:00-04:00,sarsa_strat,2ec6459822334ff8a34714a61aa7ac83,SPY,sell,stop,canceled,1,day,0.0,1,stock,,,
2020-08-06 09:30:00-04:00,sarsa_strat,05c38ffce0cf432ebfe65a83ce959ee5,SPY,sell,limit,fill,1,day,0.0,1,stock,334.02000732421874,1.0,0.0
2020-08-06 09:30:00-04:00,sarsa_strat,422f6ce8157e4efd92323a290618cd30,SPY,buy,market,fill,1,gtc,0.0,1,stock,331.4800109863281,2.0,0.0
2020-08-07 09:30:00-04:00,sarsa_strat,9c893405981e4641842667b1ac23e069,SPY,buy,market,new,1,gtc,0.0,1,stock,,,
2020-08-07 09:30:00-04:00,sarsa_strat,9c893405981e4641842667b1ac23e069,SPY,buy,market,fill,1,gtc,0.0,1,stock,333.2799987792969,126.0,0.0
2020-08-10 08:30:00-04:00,sarsa_strat,feb423e6c61b4b099f5dc4f930be76df,SPY,sell,stop,canceled,1,day,0.0,1,stock,,,
2020-08-10 08:30:00-04:00,sarsa_strat,26d4d8acb8c54130b347f0a056f20f42,SPY,sell,limit,fill,1,day,0.0,1,stock,335.05999755859375,23.0,0.0
2020-08-10 09:30:00-04:00,sarsa_strat,0d158fd6b2c34d81bf843a4ecf40a342,SPY,buy,market,new,1,gtc,0.0,1,stock,,,
2020-08-10 09:30:00-04:00,sarsa_strat,0d158fd6b2c34d81bf843a4ecf40a342,SPY,buy,market,fill,1,gtc,0.0,1,stock,335.05999755859375,55.0,0.0
2020-08-11 09:30:00-04:00,sarsa_strat,aff84f468b2f492699a4305cc55fdcac,SPY,buy,market,new,1,gtc,0.0,1,stock,,,
2020-08-11 09:30:00-04:00,sarsa_strat,50c2d2a32b6b4439b4a46c4d870ae63a,SPY,sell,stop,canceled,1,day,0.0,1,stock,,,
2020-08-11 09:30:00-04:00,sarsa_strat,682b23e990ea43a4966611dcf81b8bed,SPY,sell,limit,fill,1,day,0.0,1,stock,337.17601318359374,86.0,0.0
2020-08-11 09:30:00-04:00,sarsa_strat,aff84f468b2f492699a4305cc55fdcac,SPY,buy,market,fill,1,gtc,0.0,1,stock,336.8500061035156,31.0,0.0
2020-08-12 09:30:00-04:00,sarsa_strat,7e78092ca258402b80bb4a7f501c7918,SPY,buy,market,new,1,gtc,0.0,1,stock,,,
2020-08-12 09:30:00-04:00,sarsa_strat,7e78092ca258402b80bb4a7f501c7918,SPY,buy,market,fill,1,gtc,0.0,1,stock,335.44000244140625,59.0,0.0
2020-08-13 09:30:00-04:00,sarsa_strat,f1412e37767d400ba2bcb219850d38f5,SPY,buy,market,new,1,gtc,0.0,1,stock,,,
2020-08-13 09:30:00-04:00,sarsa_strat,f1412e37767d400ba2bcb219850d38f5,SPY,buy,market,fill,1,gtc,0.0,1,stock,336.6099853515625,29.0,0.0
2020-08-14 09:30:00-04:00,sarsa_strat,a557e21dc5c64ff6bf5397b7b096ef72,SPY,buy,market,new,1,gtc,0.0,1,stock,,,
2020-08-14 09:30:00-04:00,sarsa_strat,a557e21dc5c64ff6bf5397b7b096ef72,SPY,buy,market,fill,1,gtc,0.0,1,stock,336.4100036621094,11.0,0.0
2020-08-17 09:30:00-04:00,sarsa_strat,0c773755b14743df94eaae12b9f3b2b2,SPY,buy,market,new,1,gtc,0.0,1,stock,,,
2020-08-17 09:30:00-04:00,sarsa_strat,0c773755b14743df94eaae12b9f3b2b2,SPY,buy,market,fill,1,gtc,0.0,1,stock,337.94000244140625,7.0,0.0
2020-08-18 09:30:00-04:00,sarsa_strat,5e0a8ba4443c4ca6bcf89cd0b81dbc11,SPY,buy,market,new,1,gtc,0.0,1,stock,,,
2020-08-18 09:30:00-04:00,sarsa_strat,5e0a8ba4443c4ca6bcf89cd0b81dbc11,SPY,buy,market,fill,1,gtc,0.0,1,stock,338.3399963378906,2.0,0.0
2020-08-19 09:30:00-04:00,sarsa_strat,b75c832bb4794dcf943cb0aaab2b6af2,SPY,sell,stop,canceled,1,day,0.0,1,stock,,,
2020-08-19 09:30:00-04:00,sarsa_strat,25b2660e66f644488fea3a1caf86c985,SPY,sell,limit,fill,1,day,0.0,1,stock,339.13198242187497,4.0,0.0
2020-08-20 09:30:00-04:00,sarsa_strat,81471bf4ebbc4359a6526792bd060ca7,SPY,buy,market,new,1,gtc,0.0,1,stock,,,
2020-08-20 09:30:00-04:00,sarsa_strat,81471bf4ebbc4359a6526792bd060ca7,SPY,buy,market,fill,1,gtc,0.0,1,stock,335.3599853515625,3.0,0.0
2020-08-21 09:30:00-04:00,sarsa_strat,7255181d681943c1a20c6a9427cfec71,SPY,buy,market,new,1,gtc,0.0,1,stock,,,
2020-08-21 09:30:00-04:00,sarsa_strat,7255181d681943c1a20c6a9427cfec71,SPY,buy,market,fill,1,gtc,0.0,1,stock,337.9200134277344,2.0,0.0
2020-08-24 08:30:00-04:00,sarsa_strat,2845d0979af2419d933b6d27013fb8a3,SPY,sell,stop,canceled,1,day,0.0,1,stock,,,
2020-08-24 08:30:00-04:00,sarsa_strat,70809de8ddc545deaa28545492969d34,SPY,sell,limit,fill,1,day,0.0,1,stock,342.456005859375,10.0,0.0
2020-08-24 09:30:00-04:00,sarsa_strat,66ca6bc365e6496ca27394cf868e7b5f,SPY,buy,market,new,1,gtc,0.0,1,stock,,,
2020-08-24 09:30:00-04:00,sarsa_strat,66ca6bc365e6496ca27394cf868e7b5f,SPY,buy,market,fill,1,gtc,0.0,1,stock,342.1199951171875,6.0,0.0
2020-08-25 09:30:00-04:00,sarsa_strat,48aa60a2cbad4757b80140bb2cb0c599,SPY,buy,market,new,1,gtc,0.0,1,stock,,,
2020-08-25 09:30:00-04:00,sarsa_strat,48aa60a2cbad4757b80140bb2cb0c599,SPY,buy,market,fill,1,gtc,0.0,1,stock,343.5299987792969,3.0,0.0
2020-08-26 09:30:00-04:00,sarsa_strat,71301aab115e4319bed3edaa8eca384f,SPY,buy,market,new,1,gtc,0.0,1,stock,,,
2020-08-26 09:30:00-04:00,sarsa_strat,71301aab115e4319bed3edaa8eca384f,SPY,buy,market,fill,1,gtc,0.0,1,stock,344.760009765625,1.0,0.0
2020-08-27 09:30:00-04:00,sarsa_strat,280699f9277d4059bc8b0f4558f16b4b,SPY,buy,market,new,1,gtc,0.0,1,stock,,,
2020-08-27 09:30:00-04:00,sarsa_strat,280699f9277d4059bc8b0f4558f16b4b,SPY,buy,market,fill,1,gtc,0.0,1,stock,348.510009765625,1.0,0.0
2020-09-11 09:30:00-04:00,sarsa_strat,0bec0e5ca275469cbcfe8775aa4ee9e5,SPY,sell,limit,canceled,1,day,0.0,1,stock,,,
2020-09-11 09:30:00-04:00,sarsa_strat,193cd6a770d549cfaaf22ded0f5b0e94,SPY,sell,stop,fill,1,day,0.0,1,stock,331.0845092773437,1.0,0.0
2020-09-14 09:30:00-04:00,sarsa_strat,670ca65a5e874cc298619c5d92a4bd88,SPY,buy,market,new,1,gtc,0.0,1,stock,,,
2020-09-14 09:30:00-04:00,sarsa_strat,670ca65a5e874cc298619c5d92a4bd88,SPY,buy,market,fill,1,gtc,0.0,1,stock,337.489990234375,1.0,0.0
2020-09-21 08:30:00-04:00,sarsa_strat,cecdba001a6e41a188296a74258663bc,SPY,sell,limit,canceled,1,day,0.0,1,stock,,,
2020-09-21 08:30:00-04:00,sarsa_strat,705bf9e01ecf435b85d25811ba1483c3,SPY,sell,stop,fill,1,day,0.0,1,stock,325.0139953613281,6.0,0.0
2020-09-21 08:30:00-04:00,sarsa_strat,298a125c00a74de4b9466df3a87d838b,SPY,sell,limit,canceled,1,day,0.0,1,stock,,,
2020-09-21 08:30:00-04:00,sarsa_strat,58b75f8095bd4308bf89ae4a2946e669,SPY,sell,stop,fill,1,day,0.0,1,stock,325.70001220703125,3.0,0.0
2020-09-21 08:30:00-04:00,sarsa_strat,898b43f296b54f2fb8924f410aa3c28a,SPY,sell,limit,canceled,1,day,0.0,1,stock,,,
2020-09-21 08:30:00-04:00,sarsa_strat,47cecd6013c24e3a8e4796d9b7371b76,SPY,sell,stop,fill,1,day,0.0,1,stock,325.70001220703125,1.0,0.0
2020-09-21 09:30:00-04:00,sarsa_strat,489dd1af1ca348c98f088a44474ac999,SPY,buy,market,new,1,gtc,0.0,1,stock,,,
2020-09-21 09:30:00-04:00,sarsa_strat,489dd1af1ca348c98f088a44474ac999,SPY,buy,market,fill,1,gtc,0.0,1,stock,325.70001220703125,6.0,0.0
2020-09-22 09:30:00-04:00,sarsa_strat,106a73e13fb2446ca53d6c853563c705,SPY,buy,market,new,1,gtc,0.0,1,stock,,,
2020-09-22 09:30:00-04:00,sarsa_strat,106a73e13fb2446ca53d6c853563c705,SPY,buy,market,fill,1,gtc,0.0,1,stock,328.57000732421875,3.0,0.0
2020-09-23 09:30:00-04:00,sarsa_strat,c119999e5e5145c28351c7bee771d668,SPY,buy,market,new,1,gtc,0.0,1,stock,,,
2020-09-23 09:30:00-04:00,sarsa_strat,c119999e5e5145c28351c7bee771d668,SPY,buy,market,fill,1,gtc,0.0,1,stock,330.8999938964844,1.0,0.0
2020-09-24 09:30:00-04:00,sarsa_strat,31c3762ace6a41f0b315ff676f1c9c22,SPY,buy,market,new,1,gtc,0.0,1,stock,,,
2020-09-24 09:30:00-04:00,sarsa_strat,75f0122ffb21451d972fc2c4bb942e63,SPY,sell,limit,canceled,1,day,0.0,1,stock,,,
2020-09-24 09:30:00-04:00,sarsa_strat,e815184ac52542ccb771bf6f5df3d645,SPY,sell,stop,fill,1,day,0.0,1,stock,320.0075057983398,31.0,0.0
2020-09-24 09:30:00-04:00,sarsa_strat,9cf267f715a34fe1a0be2eba0cbae806,SPY,sell,limit,canceled,1,day,0.0,1,stock,,,
2020-09-24 09:30:00-04:00,sarsa_strat,07f223210641425294602a04f2da64db,SPY,sell,stop,fill,1,day,0.0,1,stock,321.0430023193359,7.0,0.0
2020-09-24 09:30:00-04:00,sarsa_strat,da7d048aec9b4f2da2ae23976db96f94,SPY,sell,limit,canceled,1,day,0.0,1,stock,,,
2020-09-24 09:30:00-04:00,sarsa_strat,51926e4cb9374d92a123963abc8fe465,SPY,sell,stop,fill,1,day,0.0,1,stock,321.2200012207031,2.0,0.0
2020-09-24 09:30:00-04:00,sarsa_strat,9e492da00d0c472e9932f03097ef568c,SPY,sell,limit,canceled,1,day,0.0,1,stock,,,
2020-09-24 09:30:00-04:00,sarsa_strat,35723a8ee71c4816b017a985f6b3643c,SPY,sell,stop,fill,1,day,0.0,1,stock,321.02401275634764,2.0,0.0
2020-09-24 09:30:00-04:00,sarsa_strat,35e65153f0684ec4b1a79a61a4e4e493,SPY,sell,limit,canceled,1,day,0.0,1,stock,,,
2020-09-24 09:30:00-04:00,sarsa_strat,9a8d1b62f236433a82664795db8d1e27,SPY,sell,stop,fill,1,day,0.0,1,stock,320.61549072265626,1.0,0.0
2020-09-24 09:30:00-04:00,sarsa_strat,31c3762ace6a41f0b315ff676f1c9c22,SPY,buy,market,fill,1,gtc,0.0,1,stock,321.2200012207031,1.0,0.0
2020-09-25 09:30:00-04:00,sarsa_strat,008d3a7921544affb3398f34ee26183e,SPY,sell,stop,canceled,1,day,0.0,1,stock,,,
2020-09-25 09:30:00-04:00,sarsa_strat,47bc4eb2447d48728b0c0fee94260042,SPY,sell,limit,canceled,1,day,0.0,1,stock,,,
2020-09-25 09:30:00-04:00,sarsa_strat,a61cb062aae340719c5e0f2e554ed46a,SPY,sell,stop,canceled,1,day,0.0,1,stock,,,
2020-09-25 09:30:00-04:00,sarsa_strat,d2c76b925a0844d9b321a90b22173492,SPY,sell,limit,canceled,1,day,0.0,1,stock,,,
2020-09-25 09:30:00-04:00,sarsa_strat,926fde383ff54bb2ae7b36f798f57f85,SPY,sell,stop,canceled,1,day,0.0,1,stock,,,
2020-09-25 09:30:00-04:00,sarsa_strat,8132033c44c04ce1bbd23f16e7437e7e,SPY,sell,limit,canceled,1,day,0.0,1,stock,,,
2020-09-25 09:30:00-04:00,sarsa_strat,d03c7892be604f5ca243d5cf0cffb98f,SPY,sell,stop,canceled,1,day,0.0,1,stock,,,
2020-09-25 09:30:00-04:00,sarsa_strat,73af2c286b93417ea7f1b2a17af8e789,SPY,sell,limit,canceled,1,day,0.0,1,stock,,,
2020-09-25 09:30:00-04:00,sarsa_strat,9f887a488a584083ba69709c96127d78,SPY,sell,stop,canceled,1,day,0.0,1,stock,,,
2020-09-25 09:30:00-04:00,sarsa_strat,1dbfb7985f3847809a5749519bddfbd8,SPY,sell,limit,canceled,1,day,0.0,1,stock,,,
2020-09-25 09:30:00-04:00,sarsa_strat,2c7a67a7897b4ef5aaf4bd15671a864e,SPY,sell,stop,canceled,1,day,0.0,1,stock,,,
2020-09-25 09:30:00-04:00,sarsa_strat,7fbc4a547e694c5180b3e7d2aea3fd80,SPY,sell,limit,canceled,1,day,0.0,1,stock,,,
2020-09-25 09:30:00-04:00,sarsa_strat,4300122a362844b2967ab7110fe7c3d2,SPY,sell,stop,canceled,1,day,0.0,1,stock,,,
2020-09-25 09:30:00-04:00,sarsa_strat,6fb968f53eac4ae7bcddf314b4141570,SPY,sell,limit,canceled,1,day,0.0,1,stock,,,
2020-09-25 09:30:00-04:00,sarsa_strat,7459f61e7f5644d980ccc90e40ac3271,SPY,sell,stop,canceled,1,day,0.0,1,stock,,,
2020-09-25 09:30:00-04:00,sarsa_strat,77870e18df5c4d719a94e44b2f1029b4,SPY,sell,limit,canceled,1,day,0.0,1,stock,,,
2020-09-25 09:30:00-04:00,sarsa_strat,0decdb2fab9d4a6f90e93eae2d41a291,SPY,sell,stop,canceled,1,day,0.0,1,stock,,,
2020-09-25 09:30:00-04:00,sarsa_strat,d36d065dcb4d42c29d27c87d7e022842,SPY,sell,limit,canceled,1,day,0.0,1,stock,,,
2020-09-25 09:30:00-04:00,sarsa_strat,bd07c30f080346879de1797e2a3d2119,SPY,sell,stop,canceled,1,day,0.0,1,stock,,,
2020-09-25 09:30:00-04:00,sarsa_strat,4cfaeaafaf774577b9de66b5ef7c3f0b,SPY,sell,limit,canceled,1,day,0.0,1,stock,,,
2020-09-25 09:30:00-04:00,sarsa_strat,90dca1658b62428086e2c6753213dd36,SPY,sell,stop,canceled,1,day,0.0,1,stock,,,
2020-09-25 09:30:00-04:00,sarsa_strat,205a37ccd72a49958a7df7d4a050b888,SPY,sell,limit,canceled,1,day,0.0,1,stock,,,
2020-09-25 09:30:00-04:00,sarsa_strat,e463520af02d4851b61691df957049bd,SPY,sell,stop,canceled,1,day,0.0,1,stock,,,
2020-09-25 09:30:00-04:00,sarsa_strat,0d80f33568a3424b81f0322093ac6e96,SPY,sell,limit,canceled,1,day,0.0,1,stock,,,
2020-09-25 09:30:00-04:00,sarsa_strat,4c9d6a922a0c4f30a8043dfcb4aaf487,SPY,sell,stop,canceled,1,day,0.0,1,stock,,,
2020-09-25 09:30:00-04:00,sarsa_strat,38663a02d05b4136b0e5a95d652f0e27,SPY,sell,limit,canceled,1,day,0.0,1,stock,,,
2020-09-25 09:30:00-04:00,sarsa_strat,e65ffeda8e034fb28813ee46e619f30e,SPY,sell,market,new,1,day,0.0,1,stock,,,
2020-09-25 09:30:00-04:00,sarsa_strat,e65ffeda8e034fb28813ee46e619f30e,SPY,sell,market,fill,1,day,0.0,1,stock,322.5799865722656,298.0,0.0
2020-09-28 09:30:00-04:00,sarsa_strat,b32324be10724ff8930505daec3aafcb,SPY,buy,market,new,1,gtc,0.0,1,stock,,,
2020-09-28 09:30:00-04:00,sarsa_strat,b32324be10724ff8930505daec3aafcb,SPY,buy,market,fill,1,gtc,0.0,1,stock,333.2200012207031,165.0,0.0
2020-09-29 09:30:00-04:00,sarsa_strat,a80d7cd5f14945a7bf639e0a6aa79113,SPY,buy,market,new,1,gtc,0.0,1,stock,,,
2020-09-29 09:30:00-04:00,sarsa_strat,a80d7cd5f14945a7bf639e0a6aa79113,SPY,buy,market,fill,1,gtc,0.0,1,stock,333.9700012207031,85.0,0.0
2020-09-30 09:30:00-04:00,sarsa_strat,f46fafc88e094a11b2d2822cfcd14d5c,SPY,buy,market,new,1,gtc,0.0,1,stock,,,
2020-09-30 09:30:00-04:00,sarsa_strat,f46fafc88e094a11b2d2822cfcd14d5c,SPY,buy,market,fill,1,gtc,0.0,1,stock,333.0899963378906,40.0,0.0
2020-10-01 09:30:00-04:00,sarsa_strat,86c7a2e32549440f88934e693b31d5f1,SPY,buy,market,new,1,gtc,0.0,1,stock,,,
2020-10-01 09:30:00-04:00,sarsa_strat,86c7a2e32549440f88934e693b31d5f1,SPY,buy,market,fill,1,gtc,0.0,1,stock,337.69000244140625,22.0,0.0
2020-10-02 09:30:00-04:00,sarsa_strat,93a4cf54855c4fb3bf428f2f8be37095,SPY,buy,market,new,1,gtc,0.0,1,stock,,,
2020-10-02 09:30:00-04:00,sarsa_strat,93a4cf54855c4fb3bf428f2f8be37095,SPY,buy,market,fill,1,gtc,0.0,1,stock,331.70001220703125,10.0,0.0
2020-10-06 09:30:00-04:00,sarsa_strat,4b2ce6f342e844878b6b925ded5ed04b,SPY,buy,market,new,1,gtc,0.0,1,stock,,,
2020-10-06 09:30:00-04:00,sarsa_strat,4b2ce6f342e844878b6b925ded5ed04b,SPY,buy,market,fill,1,gtc,0.0,1,stock,339.9100036621094,4.0,0.0
2020-10-07 09:30:00-04:00,sarsa_strat,b74c2bbd66ba438ea595013900b6c55b,SPY,buy,market,new,1,gtc,0.0,1,stock,,,
2020-10-07 09:30:00-04:00,sarsa_strat,b74c2bbd66ba438ea595013900b6c55b,SPY,buy,market,fill,1,gtc,0.0,1,stock,338.1199951171875,2.0,0.0
2020-10-08 09:30:00-04:00,sarsa_strat,c4426ead34a14f398f30c4376862b93a,SPY,buy,market,new,1,gtc,0.0,1,stock,,,
2020-10-08 09:30:00-04:00,sarsa_strat,c4426ead34a14f398f30c4376862b93a,SPY,buy,market,fill,1,gtc,0.0,1,stock,342.8500061035156,1.0,0.0
2020-10-29 09:30:00-04:00,sarsa_strat,6275475d0392497e952ce8421c618bb7,SPY,sell,limit,canceled,1,day,0.0,1,stock,,,
2020-10-29 09:30:00-04:00,sarsa_strat,ccf5a47d87854c4683708934e7b88df9,SPY,sell,stop,fill,1,day,0.0,1,stock,325.7075057983398,1.0,0.0
2020-10-30 09:30:00-04:00,sarsa_strat,0a23d41eb70743769a842761f721124f,SPY,buy,market,new,1,gtc,0.0,1,stock,,,
2020-10-30 09:30:00-04:00,sarsa_strat,f9d3131821ec420ea0ed40b01b8abff8,SPY,sell,limit,canceled,1,day,0.0,1,stock,,,
2020-10-30 09:30:00-04:00,sarsa_strat,ea98c87592a0413db53ff270d9f25d52,SPY,sell,stop,fill,1,day,0.0,1,stock,322.9145034790039,4.0,0.0
2020-10-30 09:30:00-04:00,sarsa_strat,0a23d41eb70743769a842761f721124f,SPY,buy,market,fill,1,gtc,0.0,1,stock,328.2799987792969,1.0,0.0
2020-11-02 09:30:00-05:00,sarsa_strat,4292d70eab744c6bbfbc79838d6b735d,SPY,buy,market,new,1,gtc,0.0,1,stock,,,
2020-11-02 09:30:00-05:00,sarsa_strat,4292d70eab744c6bbfbc79838d6b735d,SPY,buy,market,fill,1,gtc,0.0,1,stock,330.20001220703125,2.0,0.0
2020-11-03 09:30:00-05:00,sarsa_strat,f9681aa48e2f40ebb8c3a3ce5bed42a9,SPY,buy,market,new,1,gtc,0.0,1,stock,,,
2020-11-03 09:30:00-05:00,sarsa_strat,f9681aa48e2f40ebb8c3a3ce5bed42a9,SPY,buy,market,fill,1,gtc,0.0,1,stock,333.69000244140625,1.0,0.0
2020-11-04 09:30:00-05:00,sarsa_strat,ce3746ebb6dd4a4791284f0cd7b8a916,SPY,buy,market,new,1,gtc,0.0,1,stock,,,
2020-11-04 09:30:00-05:00,sarsa_strat,ce3746ebb6dd4a4791284f0cd7b8a916,SPY,buy,market,fill,1,gtc,0.0,1,stock,340.8599853515625,1.0,0.0
2020-12-21 09:30:00-05:00,sarsa_strat,524f9d6dc082462a9b827d534d53a98e,SPY,buy,market,new,1,gtc,0.0,1,stock,,,
2020-12-21 09:30:00-05:00,sarsa_strat,524f9d6dc082462a9b827d534d53a98e,SPY,buy,market,fill,1,gtc,0.0,1,stock,364.9700012207031,1.0,0.0
2020-12-28 09:30:00-05:00,sarsa_strat,377587805b7a46a1ae961a95201c822c,SPY,buy,market,new,1,gtc,0.0,1,stock,,,
2020-12-28 09:30:00-05:00,sarsa_strat,377587805b7a46a1ae961a95201c822c,SPY,buy,market,fill,1,gtc,0.0,1,stock,371.739990234375,1.0,0.0
2021-02-16 08:30:00-05:00,sarsa_strat,e02721c0372f4b2cbc0fe2fba730ae49,SPY,sell,stop,canceled,1,day,0.0,1,stock,,,
2021-02-16 08:30:00-05:00,sarsa_strat,d763f1c9605e4de5b6b8cd42cd561a7c,SPY,sell,limit,fill,1,day,0.0,1,stock,393.9599914550781,1.0,0.0
2021-03-01 09:30:00-05:00,sarsa_strat,59d9bf74353b4db1862cc9d8a83b85cf,SPY,buy,market,new,1,gtc,0.0,1,stock,,,
2021-03-01 09:30:00-05:00,sarsa_strat,59d9bf74353b4db1862cc9d8a83b85cf,SPY,buy,market,fill,1,gtc,0.0,1,stock,385.5899963378906,1.0,0.0
2021-03-15 08:30:00-04:00,sarsa_strat,61477852157c4f49b2fba7c0fd826e7d,SPY,sell,stop,canceled,1,day,0.0,1,stock,,,
2021-03-15 08:30:00-04:00,sarsa_strat,7df7126b7c1d46b9baec6fa1a25cd1b5,SPY,sell,limit,fill,1,day,0.0,1,stock,396.24001464843747,2.0,0.0
2021-03-15 09:30:00-04:00,sarsa_strat,9fcd6dc4050841f5abfebf0a4a0faa81,SPY,sell,stop,canceled,1,day,0.0,1,stock,,,
2021-03-15 09:30:00-04:00,sarsa_strat,48244d02d10045bda3a04a36d0a53530,SPY,sell,limit,canceled,1,day,0.0,1,stock,,,
2021-03-15 09:30:00-04:00,sarsa_strat,68f4a4721f44454da2cdfec6a6bba88e,SPY,sell,stop,canceled,1,day,0.0,1,stock,,,
2021-03-15 09:30:00-04:00,sarsa_strat,aa5b8a3281dc41e9a6fd84b28b6d3714,SPY,sell,limit,canceled,1,day,0.0,1,stock,,,
2021-03-15 09:30:00-04:00,sarsa_strat,07091d8e48b046a8ab959744c101a193,SPY,sell,stop,canceled,1,day,0.0,1,stock,,,
2021-03-15 09:30:00-04:00,sarsa_strat,dd1d626c331e424a8bcf21a82a59622f,SPY,sell,limit,canceled,1,day,0.0,1,stock,,,
2021-03-15 09:30:00-04:00,sarsa_strat,ae21bdf3e669457f90484150d41eab89,SPY,sell,stop,canceled,1,day,0.0,1,stock,,,
2021-03-15 09:30:00-04:00,sarsa_strat,97fb76c8e6b448138fcc5c9fd8d42188,SPY,sell,limit,canceled,1,day,0.0,1,stock,,,
2021-03-15 09:30:00-04:00,sarsa_strat,8719f7a444c449e2ba1d61c2c55cc069,SPY,sell,stop,canceled,1,day,0.0,1,stock,,,
2021-03-15 09:30:00-04:00,sarsa_strat,fe5c7b16b6864e38b1e9a804025904cf,SPY,sell,limit,canceled,1,day,0.0,1,stock,,,
2021-03-15 09:30:00-04:00,sarsa_strat,33df3f0059c540c3a94d8020239e27b5,SPY,sell,stop,canceled,1,day,0.0,1,stock,,,
2021-03-15 09:30:00-04:00,sarsa_strat,24cb3fb303034e148a3a0a0f6126d932,SPY,sell,limit,canceled,1,day,0.0,1,stock,,,
2021-03-15 09:30:00-04:00,sarsa_strat,2305ea62ff24400c8f82b18567a549a8,SPY,sell,stop,canceled,1,day,0.0,1,stock,,,
2021-03-15 09:30:00-04:00,sarsa_strat,9af66053aeb840f1aafb54eed56af3d5,SPY,sell,limit,canceled,1,day,0.0,1,stock,,,
2021-03-15 09:30:00-04:00,sarsa_strat,b16f864701014c78a7b4bf2001a7612e,SPY,sell,stop,canceled,1,day,0.0,1,stock,,,
2021-03-15 09:30:00-04:00,sarsa_strat,200a831a03324326959ec3604340e5d3,SPY,sell,limit,canceled,1,day,0.0,1,stock,,,
2021-03-15 09:30:00-04:00,sarsa_strat,4d156cd21e1f4460b7012a6345745d87,SPY,sell,stop,canceled,1,day,0.0,1,stock,,,
2021-03-15 09:30:00-04:00,sarsa_strat,24106c188d1b4b39ab2bd203f621af85,SPY,sell,limit,canceled,1,day,0.0,1,stock,,,
2021-03-15 09:30:00-04:00,sarsa_strat,b6047b2ade5b446abac77ac7fd3f12fa,SPY,sell,stop,canceled,1,day,0.0,1,stock,,,
2021-03-15 09:30:00-04:00,sarsa_strat,dbad0e9a11fe4eaa8e090b491e4ead16,SPY,sell,limit,canceled,1,day,0.0,1,stock,,,
2021-03-15 09:30:00-04:00,sarsa_strat,f3af6aca1b6b4653b2b807e7aa120e35,SPY,sell,stop,canceled,1,day,0.0,1,stock,,,
2021-03-15 09:30:00-04:00,sarsa_strat,d4a7a72bc538452cbaa243413760effe,SPY,sell,limit,canceled,1,day,0.0,1,stock,,,
2021-03-15 09:30:00-04:00,sarsa_strat,43e86954acd84b9e85169fb1ec3bcdb4,SPY,sell,market,new,1,day,0.0,1,stock,,,
2021-03-15 09:30:00-04:00,sarsa_strat,43e86954acd84b9e85169fb1ec3bcdb4,SPY,sell,market,fill,1,day,0.0,1,stock,394.3299865722656,329.0,0.0
2021-03-16 09:30:00-04:00,sarsa_strat,26aaf8438fa5432cae38030fab1228af,SPY,buy,market,new,1,gtc,0.0,1,stock,,,
2021-03-16 09:30:00-04:00,sarsa_strat,26aaf8438fa5432cae38030fab1228af,SPY,buy,market,fill,1,gtc,0.0,1,stock,397.07000732421875,175.0,0.0
2021-03-17 09:30:00-04:00,sarsa_strat,cbf1477b317f4dea9eb8b2c6a6084c16,SPY,buy,market,new,1,gtc,0.0,1,stock,,,
2021-03-17 09:30:00-04:00,sarsa_strat,cbf1477b317f4dea9eb8b2c6a6084c16,SPY,buy,market,fill,1,gtc,0.0,1,stock,394.5299987792969,82.0,0.0
2021-03-18 09:30:00-04:00,sarsa_strat,adf7551ff2cd45efa26d9208cf55bb9c,SPY,buy,market,new,1,gtc,0.0,1,stock,,,
2021-03-18 09:30:00-04:00,sarsa_strat,adf7551ff2cd45efa26d9208cf55bb9c,SPY,buy,market,fill,1,gtc,0.0,1,stock,394.4800109863281,36.0,0.0
2021-03-19 09:30:00-04:00,sarsa_strat,82eeb9e996904a3187b7000dbae755e8,SPY,buy,market,new,1,gtc,0.0,1,stock,,,
2021-03-19 09:30:00-04:00,sarsa_strat,82eeb9e996904a3187b7000dbae755e8,SPY,buy,market,fill,1,gtc,0.0,1,stock,389.8800048828125,19.0,0.0
2021-03-22 09:30:00-04:00,sarsa_strat,d2b8b02c96d9480db76a525b3d35f277,SPY,buy,market,new,1,gtc,0.0,1,stock,,,
2021-03-22 09:30:00-04:00,sarsa_strat,d2b8b02c96d9480db76a525b3d35f277,SPY,buy,market,fill,1,gtc,0.0,1,stock,390.0299987792969,11.0,0.0
2021-03-23 09:30:00-04:00,sarsa_strat,d91ad600d03e4802bd3e552e96491002,SPY,buy,market,new,1,gtc,0.0,1,stock,,,
2021-03-23 09:30:00-04:00,sarsa_strat,d91ad600d03e4802bd3e552e96491002,SPY,buy,market,fill,1,gtc,0.0,1,stock,391.9100036621094,4.0,0.0
2021-03-24 09:30:00-04:00,sarsa_strat,d2e59aeabb5a4ca6b61250ef592ed3a1,SPY,buy,market,new,1,gtc,0.0,1,stock,,,
2021-03-24 09:30:00-04:00,sarsa_strat,d2e59aeabb5a4ca6b61250ef592ed3a1,SPY,buy,market,fill,1,gtc,0.0,1,stock,391.0,2.0,0.0
2021-03-25 09:30:00-04:00,sarsa_strat,db0da958f1194d4d8bf20c870bdf037f,SPY,buy,market,new,1,gtc,0.0,1,stock,,,
2021-03-25 09:30:00-04:00,sarsa_strat,db0da958f1194d4d8bf20c870bdf037f,SPY,buy,market,fill,1,gtc,0.0,1,stock,385.9800109863281,1.0,0.0
2021-03-29 09:30:00-04:00,sarsa_strat,dfcc435c8a9640a79f9ae4e46e0d84d5,SPY,buy,market,new,1,gtc,0.0,1,stock,,,
2021-03-29 09:30:00-04:00,sarsa_strat,dfcc435c8a9640a79f9ae4e46e0d84d5,SPY,buy,market,fill,1,gtc,0.0,1,stock,394.3999938964844,1.0,0.0
2021-06-21 09:30:00-04:00,sarsa_strat,6223984098f4439d9c64228f74c55160,SPY,buy,market,new,1,gtc,0.0,1,stock,,,
2021-06-21 09:30:00-04:00,sarsa_strat,6223984098f4439d9c64228f74c55160,SPY,buy,market,fill,1,gtc,0.0,1,stock,416.79998779296875,1.0,0.0
2021-09-20 09:30:00-04:00,sarsa_strat,dc46e293d0164208ade076b8b0f77355,SPY,buy,market,new,1,gtc,0.0,1,stock,,,
2021-09-20 09:30:00-04:00,sarsa_strat,dc46e293d0164208ade076b8b0f77355,SPY,buy,market,fill,1,gtc,0.0,1,stock,434.8800048828125,1.0,0.0
2021-11-03 09:30:00-04:00,sarsa_strat,8e37c79c79d4421cb06c082c438cbdd8,SPY,sell,stop,canceled,1,day,0.0,1,stock,,,
2021-11-03 09:30:00-04:00,sarsa_strat,29bc7a94f6ff4507a399f17874b02a32,SPY,sell,limit,fill,1,day,0.0,1,stock,463.17601318359374,1.0,0.0
2021-11-04 09:30:00-04:00,sarsa_strat,f0ea07b13c404aa796da0d25c3e2d0c8,SPY,buy,market,new,1,gtc,0.0,1,stock,,,
2021-11-04 09:30:00-04:00,sarsa_strat,f0ea07b13c404aa796da0d25c3e2d0c8,SPY,buy,market,fill,1,gtc,0.0,1,stock,465.3599853515625,1.0,0.0
2021-11-05 09:30:00-04:00,sarsa_strat,bacddabcd8b54297a06dd7a38fd69116,SPY,sell,stop,canceled,1,day,0.0,1,stock,,,
2021-11-05 09:30:00-04:00,sarsa_strat,672431c25afe4b8f8e28f4fc579a8146,SPY,sell,limit,fill,1,day,0.0,1,stock,469.2799987792969,19.0,0.0
2021-11-05 09:30:00-04:00,sarsa_strat,171bcc1e3d0d489ea4a150d7ade8150d,SPY,sell,stop,canceled,1,day,0.0,1,stock,,,
2021-11-05 09:30:00-04:00,sarsa_strat,a245266ab2c340a69a69ed040d6f876a,SPY,sell,limit,fill,1,day,0.0,1,stock,469.2799987792969,11.0,0.0
2021-11-05 09:30:00-04:00,sarsa_strat,c50037a94c6e42ac82260d68634c3580,SPY,sell,stop,canceled,1,day,0.0,1,stock,,,
2021-11-05 09:30:00-04:00,sarsa_strat,b594ac5168de4d38a818a40ca8bb2dcd,SPY,sell,limit,fill,1,day,0.0,1,stock,470.2920043945312,4.0,0.0
2021-11-05 09:30:00-04:00,sarsa_strat,b054bd2814ae44a885bb40d1be6301d1,SPY,sell,stop,canceled,1,day,0.0,1,stock,,,
2021-11-05 09:30:00-04:00,sarsa_strat,f1d4679218c14dce9a23e80fa8d50775,SPY,sell,limit,fill,1,day,0.0,1,stock,469.2799987792969,2.0,0.0
2021-11-08 09:30:00-05:00,sarsa_strat,bff1dffb558841f39c462ba328285c19,SPY,buy,market,new,1,gtc,0.0,1,stock,,,
2021-11-08 09:30:00-05:00,sarsa_strat,bff1dffb558841f39c462ba328285c19,SPY,buy,market,fill,1,gtc,0.0,1,stock,469.70001220703125,20.0,0.0
2021-11-09 09:30:00-05:00,sarsa_strat,82beb9805e884ad29bc1e4a0ca48313c,SPY,buy,market,new,1,gtc,0.0,1,stock,,,
2021-11-09 09:30:00-05:00,sarsa_strat,82beb9805e884ad29bc1e4a0ca48313c,SPY,buy,market,fill,1,gtc,0.0,1,stock,469.32000732421875,8.0,0.0
2021-11-10 09:30:00-05:00,sarsa_strat,b56b90d940764f99a6d7fd70ca0b6a4c,SPY,buy,market,new,1,gtc,0.0,1,stock,,,
2021-11-10 09:30:00-05:00,sarsa_strat,b56b90d940764f99a6d7fd70ca0b6a4c,SPY,buy,market,fill,1,gtc,0.0,1,stock,465.5799865722656,4.0,0.0
2021-11-11 09:30:00-05:00,sarsa_strat,7081f627c6b0443f82289cc69205d748,SPY,buy,market,new,1,gtc,0.0,1,stock,,,
2021-11-11 09:30:00-05:00,sarsa_strat,7081f627c6b0443f82289cc69205d748,SPY,buy,market,fill,1,gtc,0.0,1,stock,465.2099914550781,2.0,0.0
2021-11-12 09:30:00-05:00,sarsa_strat,e8fc406e03354d4d817782f8b3bd74a4,SPY,buy,market,new,1,gtc,0.0,1,stock,,,
2021-11-12 09:30:00-05:00,sarsa_strat,e8fc406e03354d4d817782f8b3bd74a4,SPY,buy,market,fill,1,gtc,0.0,1,stock,465.1199951171875,1.0,0.0
2021-11-15 09:30:00-05:00,sarsa_strat,c0b05424e61846bc9feca961f0ec1155,SPY,buy,market,new,1,gtc,0.0,1,stock,,,
2021-11-15 09:30:00-05:00,sarsa_strat,c0b05424e61846bc9feca961f0ec1155,SPY,buy,market,fill,1,gtc,0.0,1,stock,468.6400146484375,1.0,0.0
2021-11-22 08:30:00-05:00,sarsa_strat,a955136ff25b4b8ab7081ed4ac11dbed,SPY,sell,stop,canceled,1,day,0.0,1,stock,,,
2021-11-22 08:30:00-05:00,sarsa_strat,7f15ebff6dea4733b0945a87a5194606,SPY,sell,limit,fill,1,day,0.0,1,stock,473.4359985351562,82.0,0.0
2021-11-22 08:30:00-05:00,sarsa_strat,2251a8f6b8624eac8acadcca8dfb497b,SPY,sell,stop,canceled,1,day,0.0,1,stock,,,
2021-11-22 08:30:00-05:00,sarsa_strat,628a40b9f1fa41edbaff7e55fa3f6bfa,SPY,sell,limit,fill,1,day,0.0,1,stock,473.3760131835937,36.0,0.0
2021-11-22 08:30:00-05:00,sarsa_strat,86ab6c68967d42f58cc8ea1d30ff094e,SPY,sell,stop,canceled,1,day,0.0,1,stock,,,
2021-11-22 08:30:00-05:00,sarsa_strat,c266b2ec26264368b0d2a6085ad93406,SPY,sell,limit,fill,1,day,0.0,1,stock,473.2799926757812,1.0,0.0
2021-11-22 09:30:00-05:00,sarsa_strat,93170cc56a8642a49ba15a58e9bafcf6,SPY,buy,market,new,1,gtc,0.0,1,stock,,,
2021-11-22 09:30:00-05:00,sarsa_strat,93170cc56a8642a49ba15a58e9bafcf6,SPY,buy,market,fill,1,gtc,0.0,1,stock,470.8900146484375,64.0,0.0
2021-11-23 09:30:00-05:00,sarsa_strat,2d808790659a426691e7d5cac28fc57c,SPY,buy,market,new,1,gtc,0.0,1,stock,,,
2021-11-23 09:30:00-05:00,sarsa_strat,2d808790659a426691e7d5cac28fc57c,SPY,buy,market,fill,1,gtc,0.0,1,stock,467.2200012207031,30.0,0.0
2021-11-30 09:30:00-05:00,sarsa_strat,44bef17499744f0e94ceadd8f658ddfd,SPY,buy,market,new,1,gtc,0.0,1,stock,,,
2021-11-30 09:30:00-05:00,sarsa_strat,44bef17499744f0e94ceadd8f658ddfd,SPY,buy,market,fill,1,gtc,0.0,1,stock,462.0,14.0,0.0
2021-12-02 09:30:00-05:00,sarsa_strat,ba3e76c690ee44a1bedda366d3365f69,SPY,buy,market,new,1,gtc,0.0,1,stock,,,
2021-12-02 09:30:00-05:00,sarsa_strat,ba3e76c690ee44a1bedda366d3365f69,SPY,buy,market,fill,1,gtc,0.0,1,stock,450.7300109863281,6.0,0.0
2021-12-08 09:30:00-05:00,sarsa_strat,dd866a33404e4c4296b6e8a9a275a783,SPY,sell,stop,canceled,1,day,0.0,1,stock,,,
2021-12-08 09:30:00-05:00,sarsa_strat,f7f14afadac843a889a4f84dba2d9ffd,SPY,sell,limit,canceled,1,day,0.0,1,stock,,,
2021-12-08 09:30:00-05:00,sarsa_strat,195f88bba42f4a17b2115a6ae792d775,SPY,sell,stop,canceled,1,day,0.0,1,stock,,,
2021-12-08 09:30:00-05:00,sarsa_strat,10e8aa9e1b374ce1a15b090050aedc93,SPY,sell,limit,canceled,1,day,0.0,1,stock,,,
2021-12-08 09:30:00-05:00,sarsa_strat,ff53de7a302a4537973b92b0ed68f2a1,SPY,sell,stop,canceled,1,day,0.0,1,stock,,,
2021-12-08 09:30:00-05:00,sarsa_strat,834d65cb92c249feb6845e2f2a59812a,SPY,sell,limit,canceled,1,day,0.0,1,stock,,,
2021-12-08 09:30:00-05:00,sarsa_strat,efde066827cd45b79b024c7a41903221,SPY,sell,stop,canceled,1,day,0.0,1,stock,,,
2021-12-08 09:30:00-05:00,sarsa_strat,d99daaecc58a4b37b8f6571eeb8965f0,SPY,sell,limit,canceled,1,day,0.0,1,stock,,,
2021-12-08 09:30:00-05:00,sarsa_strat,cc8f3a9503444577ab7ce2ba29f4b8a4,SPY,sell,stop,canceled,1,day,0.0,1,stock,,,
2021-12-08 09:30:00-05:00,sarsa_strat,bf488c4b4ac2405abf3029ddd201b7a8,SPY,sell,limit,canceled,1,day,0.0,1,stock,,,
2021-12-08 09:30:00-05:00,sarsa_strat,20d3aed29b5c47f7ab9e161578fb5e50,SPY,sell,stop,canceled,1,day,0.0,1,stock,,,
2021-12-08 09:30:00-05:00,sarsa_strat,5de0bb3a9b52462cbd3b69ce99d0b1a0,SPY,sell,limit,canceled,1,day,0.0,1,stock,,,
2021-12-08 09:30:00-05:00,sarsa_strat,1d81f2b8b7f04034a8ca6c07b51e2b52,SPY,sell,stop,canceled,1,day,0.0,1,stock,,,
2021-12-08 09:30:00-05:00,sarsa_strat,9801332271a846cfa2f5ca4d6935c56d,SPY,sell,limit,canceled,1,day,0.0,1,stock,,,
2021-12-08 09:30:00-05:00,sarsa_strat,94abe702fa0c48deb0158fb833f191a2,SPY,sell,stop,canceled,1,day,0.0,1,stock,,,
2021-12-08 09:30:00-05:00,sarsa_strat,b50ef59dd3d440caa53a1c9df9042f8a,SPY,sell,limit,canceled,1,day,0.0,1,stock,,,
2021-12-08 09:30:00-05:00,sarsa_strat,f06af158ce8840358bfbd751f29f7c2f,SPY,sell,stop,canceled,1,day,0.0,1,stock,,,
2021-12-08 09:30:00-05:00,sarsa_strat,d35a040b17f34db181b772f485370699,SPY,sell,limit,canceled,1,day,0.0,1,stock,,,
2021-12-08 09:30:00-05:00,sarsa_strat,8a22dd0c60fc48efac96dcce938edb97,SPY,sell,stop,canceled,1,day,0.0,1,stock,,,
2021-12-08 09:30:00-05:00,sarsa_strat,2f45517e1ade45dba672f2c0498d5113,SPY,sell,limit,canceled,1,day,0.0,1,stock,,,
2021-12-08 09:30:00-05:00,sarsa_strat,1d6e0cd67ec641bb89d53644c3c78005,SPY,sell,stop,canceled,1,day,0.0,1,stock,,,
2021-12-08 09:30:00-05:00,sarsa_strat,743e2d3fad46487082a406b778f5cacc,SPY,sell,limit,canceled,1,day,0.0,1,stock,,,
2021-12-08 09:30:00-05:00,sarsa_strat,30a616411ca94d938deb36aefaceb424,SPY,sell,stop,canceled,1,day,0.0,1,stock,,,
2021-12-08 09:30:00-05:00,sarsa_strat,9d2b328da55a4de0b88f5d57c690f14a,SPY,sell,limit,canceled,1,day,0.0,1,stock,,,
2021-12-08 09:30:00-05:00,sarsa_strat,e89660bb618c449f8fedfa9985fce2ae,SPY,sell,stop,canceled,1,day,0.0,1,stock,,,
2021-12-08 09:30:00-05:00,sarsa_strat,16f5a6442e694ab3b29811ab938a25e2,SPY,sell,limit,canceled,1,day,0.0,1,stock,,,
2021-12-08 09:30:00-05:00,sarsa_strat,83aec47d02b446a7b271a97328e737bf,SPY,sell,stop,canceled,1,day,0.0,1,stock,,,
2021-12-08 09:30:00-05:00,sarsa_strat,1b439eb866954a819f9c77aa721e803c,SPY,sell,limit,canceled,1,day,0.0,1,stock,,,
2021-12-08 09:30:00-05:00,sarsa_strat,9a1847b7f5994a058b3ad540d56ca0f2,SPY,sell,market,new,1,day,0.0,1,stock,,,
2021-12-08 09:30:00-05:00,sarsa_strat,9a1847b7f5994a058b3ad540d56ca0f2,SPY,sell,market,fill,1,day,0.0,1,stock,468.70001220703125,328.0,0.0
2021-12-09 09:30:00-05:00,sarsa_strat,123c4f5ff893450d94831c9a97204169,SPY,buy,market,new,1,gtc,0.0,1,stock,,,
2021-12-09 09:30:00-05:00,sarsa_strat,123c4f5ff893450d94831c9a97204169,SPY,buy,market,fill,1,gtc,0.0,1,stock,468.1499938964844,175.0,0.0
2021-12-10 09:30:00-05:00,sarsa_strat,8b426ed9c5df42d0812cda672d597f6e,SPY,buy,market,new,1,gtc,0.0,1,stock,,,
2021-12-10 09:30:00-05:00,sarsa_strat,8b426ed9c5df42d0812cda672d597f6e,SPY,buy,market,fill,1,gtc,0.0,1,stock,469.2300109863281,80.0,0.0
2021-12-13 09:30:00-05:00,sarsa_strat,53a4bd89ec294ff98cfd2a1ef284b1d5,SPY,buy,market,new,1,gtc,0.0,1,stock,,,
2021-12-13 09:30:00-05:00,sarsa_strat,53a4bd89ec294ff98cfd2a1ef284b1d5,SPY,buy,market,fill,1,gtc,0.0,1,stock,470.19000244140625,40.0,0.0
2021-12-14 09:30:00-05:00,sarsa_strat,d78dee73bbc44e35ab965616713d13f4,SPY,buy,market,new,1,gtc,0.0,1,stock,,,
2021-12-14 09:30:00-05:00,sarsa_strat,d78dee73bbc44e35ab965616713d13f4,SPY,buy,market,fill,1,gtc,0.0,1,stock,463.0899963378906,21.0,0.0
2021-12-20 09:30:00-05:00,sarsa_strat,dbdaf6b66c0c4acc94973a5ac084fe8b,SPY,buy,market,new,1,gtc,0.0,1,stock,,,
2021-12-20 09:30:00-05:00,sarsa_strat,dbdaf6b66c0c4acc94973a5ac084fe8b,SPY,buy,market,fill,1,gtc,0.0,1,stock,454.4800109863281,10.0,0.0
2021-12-21 09:30:00-05:00,sarsa_strat,e4e9e72d50f846c5aaac1a1206bf3dd1,SPY,buy,market,new,1,gtc,0.0,1,stock,,,
2021-12-21 09:30:00-05:00,sarsa_strat,e4e9e72d50f846c5aaac1a1206bf3dd1,SPY,buy,market,fill,1,gtc,0.0,1,stock,458.6099853515625,6.0,0.0
2022-01-07 09:30:00-05:00,sarsa_strat,81d925e439cd4c2dadb1a8c94e0f9441,SPY,buy,market,new,1,gtc,0.0,1,stock,,,
2022-01-07 09:30:00-05:00,sarsa_strat,81d925e439cd4c2dadb1a8c94e0f9441,SPY,buy,market,fill,1,gtc,0.0,1,stock,467.95001220703125,2.0,0.0
2022-01-10 09:30:00-05:00,sarsa_strat,124939f52afb44ef86fdc68af05b0907,SPY,buy,market,new,1,gtc,0.0,1,stock,,,
2022-01-10 09:30:00-05:00,sarsa_strat,124939f52afb44ef86fdc68af05b0907,SPY,buy,market,fill,1,gtc,0.0,1,stock,462.70001220703125,1.0,0.0
2022-01-11 09:30:00-05:00,sarsa_strat,91af5c1033b84c9bb85734eb1769ae8e,SPY,buy,market,new,1,gtc,0.0,1,stock,,,
2022-01-11 09:30:00-05:00,sarsa_strat,91af5c1033b84c9bb85734eb1769ae8e,SPY,buy,market,fill,1,gtc,0.0,1,stock,465.2300109863281,1.0,0.0
2022-01-20 09:30:00-05:00,sarsa_strat,dd22ec55e4b3411fa5d98ca5cee1b9ad,SPY,sell,limit,canceled,1,day,0.0,1,stock,,,
2022-01-20 09:30:00-05:00,sarsa_strat,0097790c4a094d96867d9e97634c116b,SPY,sell,stop,fill,1,day,0.0,1,stock,444.7424942016601,175.0,0.0
2022-01-20 09:30:00-05:00,sarsa_strat,cc492593d6dc4bfc9d35d25bacdaf8c6,SPY,sell,limit,canceled,1,day,0.0,1,stock,,,
2022-01-20 09:30:00-05:00,sarsa_strat,29bc59731f2a414db8dec2fdea2ea10d,SPY,sell,stop,fill,1,day,0.0,1,stock,445.7685104370117,80.0,0.0
2022-01-20 09:30:00-05:00,sarsa_strat,f3ba7cd2a3de47e2947f8cb0c20ddeaa,SPY,sell,limit,canceled,1,day,0.0,1,stock,,,
2022-01-20 09:30:00-05:00,sarsa_strat,6193abbbbc4d43a696e337599eb3ee5c,SPY,sell,stop,fill,1,day,0.0,1,stock,446.6805023193359,40.0,0.0
2022-01-20 09:30:00-05:00,sarsa_strat,5b255fd93c7e4697aa3a969f841597fb,SPY,sell,limit,canceled,1,day,0.0,1,stock,,,
2022-01-20 09:30:00-05:00,sarsa_strat,1b4dead8af0e49c590c91726574e88d7,SPY,sell,stop,fill,1,day,0.0,1,stock,444.55251159667966,2.0,0.0
2022-01-21 09:30:00-05:00,sarsa_strat,f5d050a9fb06401ca89236ab386e5e55,SPY,buy,market,new,1,gtc,0.0,1,stock,,,
2022-01-21 09:30:00-05:00,sarsa_strat,2e4ad60e936c435db8053416a5642279,SPY,sell,limit,canceled,1,day,0.0,1,stock,,,
2022-01-21 09:30:00-05:00,sarsa_strat,9de893285af4404c89d760c1efcacfbd,SPY,sell,stop,fill,1,day,0.0,1,stock,439.9354965209961,21.0,0.0
2022-01-21 09:30:00-05:00,sarsa_strat,690abbac06fb4d0dbf905e8722d0b6af,SPY,sell,limit,canceled,1,day,0.0,1,stock,,,
2022-01-21 09:30:00-05:00,sarsa_strat,8257b4c8a58b4740a145bf63303ffada,SPY,sell,stop,fill,1,day,0.0,1,stock,439.56501159667965,1.0,0.0
2022-01-21 09:30:00-05:00,sarsa_strat,9e43664b8d7f4af58fa25d862983f3a7,SPY,sell,limit,canceled,1,day,0.0,1,stock,,,
2022-01-21 09:30:00-05:00,sarsa_strat,65e5952df1f64983ac0e5ed02df976b8,SPY,sell,stop,fill,1,day,0.0,1,stock,441.9685104370117,1.0,0.0
2022-01-21 09:30:00-05:00,sarsa_strat,f5d050a9fb06401ca89236ab386e5e55,SPY,buy,market,fill,1,gtc,0.0,1,stock,445.55999755859375,149.0,0.0
2022-01-24 08:30:00-05:00,sarsa_strat,727547bba02a4af2a123a44db3c4694f,SPY,sell,limit,canceled,1,day,0.0,1,stock,,,
2022-01-24 08:30:00-05:00,sarsa_strat,fe27dcb940c8484c995250297e2743f9,SPY,sell,stop,fill,1,day,0.0,1,stock,431.7560104370117,10.0,0.0
2022-01-24 08:30:00-05:00,sarsa_strat,b5d080db9cb149dda1f14f6b36e557e2,SPY,sell,limit,canceled,1,day,0.0,1,stock,,,
2022-01-24 08:30:00-05:00,sarsa_strat,64eee08aefe64878a0333f256182f78d,SPY,sell,stop,fill,1,day,0.0,1,stock,432.0299987792969,6.0,0.0
2022-01-24 08:30:00-05:00,sarsa_strat,4e747ed594264e058e1f5c666148113f,SPY,sell,limit,canceled,1,day,0.0,1,stock,,,
2022-01-24 08:30:00-05:00,sarsa_strat,9ae1a8440f6449459ba157a18a775fd3,SPY,sell,stop,fill,1,day,0.0,1,stock,423.28199768066406,149.0,0.0
2022-01-24 09:30:00-05:00,sarsa_strat,f86783cbf3f94701983226aab305a0aa,SPY,buy,market,new,1,gtc,0.0,1,stock,,,
2022-01-24 09:30:00-05:00,sarsa_strat,f86783cbf3f94701983226aab305a0aa,SPY,buy,market,fill,1,gtc,0.0,1,stock,432.0299987792969,169.0,0.0
2022-01-25 09:30:00-05:00,sarsa_strat,cbe2ac2361a54495a583c35b553ebeaf,SPY,buy,market,new,1,gtc,0.0,1,stock,,,
2022-01-25 09:30:00-05:00,sarsa_strat,cbe2ac2361a54495a583c35b553ebeaf,SPY,buy,market,fill,1,gtc,0.0,1,stock,433.05999755859375,84.0,0.0
2022-01-26 09:30:00-05:00,sarsa_strat,0989ffa45fbe4c36afae949e2aed1d9e,SPY,buy,market,new,1,gtc,0.0,1,stock,,,
2022-01-26 09:30:00-05:00,sarsa_strat,0989ffa45fbe4c36afae949e2aed1d9e,SPY,buy,market,fill,1,gtc,0.0,1,stock,440.7200012207031,42.0,0.0
2022-01-28 09:30:00-05:00,sarsa_strat,29ea11cb382b44beb69cf63e7e384184,SPY,buy,market,new,1,gtc,0.0,1,stock,,,
2022-01-28 09:30:00-05:00,sarsa_strat,29ea11cb382b44beb69cf63e7e384184,SPY,buy,market,fill,1,gtc,0.0,1,stock,432.67999267578125,23.0,0.0
2022-01-31 09:30:00-05:00,sarsa_strat,38c1d88dea654235bb64e321e04c7d24,SPY,buy,market,new,1,gtc,0.0,1,stock,,,
2022-01-31 09:30:00-05:00,sarsa_strat,38c1d88dea654235bb64e321e04c7d24,SPY,buy,market,fill,1,gtc,0.0,1,stock,441.239990234375,10.0,0.0
2022-02-01 09:30:00-05:00,sarsa_strat,28dd5e2e3e514d829163ec1c66144bd3,SPY,buy,market,new,1,gtc,0.0,1,stock,,,
2022-02-01 09:30:00-05:00,sarsa_strat,28dd5e2e3e514d829163ec1c66144bd3,SPY,buy,market,fill,1,gtc,0.0,1,stock,450.67999267578125,4.0,0.0
2022-02-02 09:30:00-05:00,sarsa_strat,7dd30068690d47529df5e331a95bc1c8,SPY,buy,market,new,1,gtc,0.0,1,stock,,,
2022-02-02 09:30:00-05:00,sarsa_strat,7dd30068690d47529df5e331a95bc1c8,SPY,buy,market,fill,1,gtc,0.0,1,stock,455.5,3.0,0.0
2022-02-03 09:30:00-05:00,sarsa_strat,43786760bf7b42d88ae6178e63afe858,SPY,buy,market,new,1,gtc,0.0,1,stock,,,
2022-02-03 09:30:00-05:00,sarsa_strat,43786760bf7b42d88ae6178e63afe858,SPY,buy,market,fill,1,gtc,0.0,1,stock,450.95001220703125,1.0,0.0
2022-02-18 09:30:00-05:00,sarsa_strat,8c501bc065504ba09b3a42ff64b9820d,SPY,sell,limit,canceled,1,day,0.0,1,stock,,,
2022-02-18 09:30:00-05:00,sarsa_strat,1ef171a1d57943ceafdda509074e3ede,SPY,sell,stop,fill,1,day,0.0,1,stock,432.72499999999997,3.0,0.0
2022-02-22 08:30:00-05:00,sarsa_strat,bd39b3fe11364bd49f15bc87cff784d2,SPY,sell,limit,canceled,1,day,0.0,1,stock,,,
2022-02-22 08:30:00-05:00,sarsa_strat,5a28ceec79284133935207745c6c890a,SPY,sell,stop,fill,1,day,0.0,1,stock,428.14599304199214,4.0,0.0
2022-02-22 08:30:00-05:00,sarsa_strat,bf58aab373544deab7b557059641f31d,SPY,sell,limit,canceled,1,day,0.0,1,stock,,,
2022-02-22 08:30:00-05:00,sarsa_strat,57c853a861b14aa3b6a4c310d7047cb5,SPY,sell,stop,fill,1,day,0.0,1,stock,428.4025115966797,1.0,0.0
2022-02-22 09:30:00-05:00,sarsa_strat,7ac89b4cb5ca4cbe949dd7d212665f07,SPY,buy,market,new,1,gtc,0.0,1,stock,,,
2022-02-22 09:30:00-05:00,sarsa_strat,7ac89b4cb5ca4cbe949dd7d212665f07,SPY,buy,market,fill,1,gtc,0.0,1,stock,431.8900146484375,4.0,0.0
2022-02-23 09:30:00-05:00,sarsa_strat,ef218a9e1f3e42d99ef482a4c86bed02,SPY,buy,market,new,1,gtc,0.0,1,stock,,,
2022-02-23 09:30:00-05:00,sarsa_strat,ef218a9e1f3e42d99ef482a4c86bed02,SPY,buy,market,fill,1,gtc,0.0,1,stock,432.6600036621094,2.0,0.0
2022-02-24 09:30:00-05:00,sarsa_strat,eeedf6f4829f48c9b69d8cbf92f864f4,SPY,buy,market,new,1,gtc,0.0,1,stock,,,
2022-02-24 09:30:00-05:00,sarsa_strat,b44e49fca27d4a2d8b57d25d74d3f477,SPY,sell,limit,canceled,1,day,0.0,1,stock,,,
2022-02-24 09:30:00-05:00,sarsa_strat,887be515ed4249c98f8e0bd1a7425f93,SPY,sell,stop,fill,1,day,0.0,1,stock,411.0199890136719,84.0,0.0
2022-02-24 09:30:00-05:00,sarsa_strat,52983fbb57ae4b429e5e77c78eecf391,SPY,sell,limit,canceled,1,day,0.0,1,stock,,,
2022-02-24 09:30:00-05:00,sarsa_strat,6ce0d786a2bb43d1b4656ed5ea6a63f3,SPY,sell,stop,fill,1,day,0.0,1,stock,411.0199890136719,42.0,0.0
2022-02-24 09:30:00-05:00,sarsa_strat,9571c732898b444097a2331f554f2980,SPY,sell,limit,canceled,1,day,0.0,1,stock,,,
2022-02-24 09:30:00-05:00,sarsa_strat,02d6f98dfedd4f80a0a2d34e45aba40e,SPY,sell,stop,fill,1,day,0.0,1,stock,411.0199890136719,23.0,0.0
2022-02-24 09:30:00-05:00,sarsa_strat,b83920f61f7f405e90603fc1a7a04a21,SPY,sell,limit,canceled,1,day,0.0,1,stock,,,
2022-02-24 09:30:00-05:00,sarsa_strat,6efc3fe89c8c47868a5a9eec069421d9,SPY,sell,stop,fill,1,day,0.0,1,stock,411.0199890136719,10.0,0.0
2022-02-24 09:30:00-05:00,sarsa_strat,5b5505be13ba441ab59d809d3b10fc64,SPY,sell,limit,canceled,1,day,0.0,1,stock,,,
2022-02-24 09:30:00-05:00,sarsa_strat,2824bdc3128046f28921d19399f8e7a5,SPY,sell,stop,fill,1,day,0.0,1,stock,411.0199890136719,2.0,0.0
2022-02-24 09:30:00-05:00,sarsa_strat,eeedf6f4829f48c9b69d8cbf92f864f4,SPY,buy,market,fill,1,gtc,0.0,1,stock,411.0199890136719,1.0,0.0
2022-02-25 09:30:00-05:00,sarsa_strat,432b33ebfdab48e18ec3c00d7cddb9a3,SPY,buy,market,new,1,gtc,0.0,1,stock,,,
2022-02-25 09:30:00-05:00,sarsa_strat,432b33ebfdab48e18ec3c00d7cddb9a3,SPY,buy,market,fill,1,gtc,0.0,1,stock,429.6099853515625,78.0,0.0
2022-02-28 09:30:00-05:00,sarsa_strat,44b6e2b8afeb41b7a53b53bba177a3c3,SPY,buy,market,new,1,gtc,0.0,1,stock,,,
2022-02-28 09:30:00-05:00,sarsa_strat,44b6e2b8afeb41b7a53b53bba177a3c3,SPY,buy,market,fill,1,gtc,0.0,1,stock,432.0299987792969,39.0,0.0
2022-03-01 09:30:00-05:00,sarsa_strat,5c293b1336b34441ba97379725199512,SPY,buy,market,new,1,gtc,0.0,1,stock,,,
2022-03-01 09:30:00-05:00,sarsa_strat,5c293b1336b34441ba97379725199512,SPY,buy,market,fill,1,gtc,0.0,1,stock,435.0400085449219,20.0,0.0
2022-03-02 09:30:00-05:00,sarsa_strat,8f198a0f8daf4628bff3e1ed13c21d55,SPY,buy,market,new,1,gtc,0.0,1,stock,,,
2022-03-02 09:30:00-05:00,sarsa_strat,8f198a0f8daf4628bff3e1ed13c21d55,SPY,buy,market,fill,1,gtc,0.0,1,stock,432.3699951171875,9.0,0.0
2022-03-03 09:30:00-05:00,sarsa_strat,3d197e13587241f1a2b5447be17a7d2d,SPY,buy,market,new,1,gtc,0.0,1,stock,,,
2022-03-03 09:30:00-05:00,sarsa_strat,3d197e13587241f1a2b5447be17a7d2d,SPY,buy,market,fill,1,gtc,0.0,1,stock,440.4700012207031,4.0,0.0
2022-03-04 09:30:00-05:00,sarsa_strat,fe85cc67d9f94f31be97b538b3bc1893,SPY,buy,market,new,1,gtc,0.0,1,stock,,,
2022-03-04 09:30:00-05:00,sarsa_strat,fe85cc67d9f94f31be97b538b3bc1893,SPY,buy,market,fill,1,gtc,0.0,1,stock,431.75,3.0,0.0
2022-03-07 09:30:00-05:00,sarsa_strat,85820f4ca23d42669f1c1ae9928cc044,SPY,buy,market,new,1,gtc,0.0,1,stock,,,
2022-03-07 09:30:00-05:00,sarsa_strat,85820f4ca23d42669f1c1ae9928cc044,SPY,buy,market,fill,1,gtc,0.0,1,stock,431.54998779296875,1.0,0.0
2022-03-08 09:30:00-05:00,sarsa_strat,be5c61e320df4304a17c905c74d80d21,SPY,buy,market,new,1,gtc,0.0,1,stock,,,
2022-03-08 09:30:00-05:00,sarsa_strat,04bd26989ada41889c416eb4a5677ad1,SPY,sell,limit,canceled,1,day,0.0,1,stock,,,
2022-03-08 09:30:00-05:00,sarsa_strat,29c696647f154d0f9eef8552ca85d6c7,SPY,sell,stop,fill,1,day,0.0,1,stock,418.44650115966795,4.0,0.0
2022-03-08 09:30:00-05:00,sarsa_strat,be5c61e320df4304a17c905c74d80d21,SPY,buy,market,fill,1,gtc,0.0,1,stock,419.6199951171875,1.0,0.0
2022-03-11 09:30:00-05:00,sarsa_strat,e68461bfe1c2436c9dec172d948abbb6,SPY,buy,market,new,1,gtc,0.0,1,stock,,,
2022-03-11 09:30:00-05:00,sarsa_strat,e68461bfe1c2436c9dec172d948abbb6,SPY,buy,market,fill,1,gtc,0.0,1,stock,428.1199951171875,2.0,0.0
2022-03-14 09:30:00-04:00,sarsa_strat,5d63cc4444ef4ac48240c601e04c2fb2,SPY,buy,market,new,1,gtc,0.0,1,stock,,,
2022-03-14 09:30:00-04:00,sarsa_strat,5d63cc4444ef4ac48240c601e04c2fb2,SPY,buy,market,fill,1,gtc,0.0,1,stock,420.8900146484375,1.0,0.0
2022-03-15 09:30:00-04:00,sarsa_strat,ac8ad8049a9b4bb7bb5ee238679a3c2c,SPY,buy,market,new,1,gtc,0.0,1,stock,,,
2022-03-15 09:30:00-04:00,sarsa_strat,ac8ad8049a9b4bb7bb5ee238679a3c2c,SPY,buy,market,fill,1,gtc,0.0,1,stock,419.7699890136719,1.0,0.0
2022-04-18 09:30:00-04:00,sarsa_strat,5e581a28547d4adc8871f4426d5c43f8,SPY,buy,market,new,1,gtc,0.0,1,stock,,,
2022-04-18 09:30:00-04:00,sarsa_strat,5e581a28547d4adc8871f4426d5c43f8,SPY,buy,market,fill,1,gtc,0.0,1,stock,436.80999755859375,1.0,0.0
2022-04-29 09:30:00-04:00,sarsa_strat,395b00e4538243f7bfdd840b33fc0661,SPY,sell,limit,canceled,1,day,0.0,1,stock,,,
2022-04-29 09:30:00-04:00,sarsa_strat,d9335e5857d843a4bcfc285df474ba14,SPY,sell,stop,fill,1,day,0.0,1,stock,413.28800811767576,20.0,0.0
2022-04-29 09:30:00-04:00,sarsa_strat,429f7cd9942a417aba9115c5a8f2043a,SPY,sell,limit,canceled,1,day,0.0,1,stock,,,
2022-04-29 09:30:00-04:00,sarsa_strat,51e03d06f19e423d9d86544507519f50,SPY,sell,stop,fill,1,day,0.0,1,stock,414.96949768066406,1.0,0.0
2022-05-02 08:30:00-04:00,sarsa_strat,46f719487d1a441c91eab8d5e6c9676f,SPY,sell,limit,canceled,1,day,0.0,1,stock,,,
2022-05-02 08:30:00-04:00,sarsa_strat,cf54cc0dcb3e411894334a0420069dfc,SPY,sell,stop,fill,1,day,0.0,1,stock,410.428498840332,169.0,0.0
2022-05-02 08:30:00-04:00,sarsa_strat,6ec6774436f94fe18f80ed0ba1ef5d6b,SPY,sell,limit,canceled,1,day,0.0,1,stock,,,
2022-05-02 08:30:00-04:00,sarsa_strat,03b9e5502a4341a79263e53591846551,SPY,sell,stop,fill,1,day,0.0,1,stock,410.2955139160156,4.0,0.0
2022-05-02 08:30:00-04:00,sarsa_strat,350bb5f15a3c4f34900eb6ba29933b61,SPY,sell,limit,canceled,1,day,0.0,1,stock,,,
2022-05-02 08:30:00-04:00,sarsa_strat,272fcbb7e4d447c6843ef42bc38d9836,SPY,sell,stop,fill,1,day,0.0,1,stock,408.1294860839844,78.0,0.0
2022-05-02 08:30:00-04:00,sarsa_strat,57aa630ab85748508952c3eedc4e7438,SPY,sell,limit,canceled,1,day,0.0,1,stock,,,
2022-05-02 08:30:00-04:00,sarsa_strat,600aacf3b02f4df4be739d7d0497017a,SPY,sell,stop,fill,1,day,0.0,1,stock,410.428498840332,39.0,0.0
2022-05-02 08:30:00-04:00,sarsa_strat,748873a9e143427da1a5a2c2ebaf5500,SPY,sell,limit,canceled,1,day,0.0,1,stock,,,
2022-05-02 08:30:00-04:00,sarsa_strat,3366ff71519c4d50aed2dceb9db05d63,SPY,sell,stop,fill,1,day,0.0,1,stock,410.7514953613281,9.0,0.0
2022-05-02 08:30:00-04:00,sarsa_strat,99c6e251cc96459ca8a265da45ae1840,SPY,sell,limit,canceled,1,day,0.0,1,stock,,,
2022-05-02 08:30:00-04:00,sarsa_strat,72f7dd15ac9244c1b2de926325f8ba6f,SPY,sell,stop,fill,1,day,0.0,1,stock,410.16249999999997,3.0,0.0
2022-05-02 08:30:00-04:00,sarsa_strat,7533d5974c594490979270fd006aef7f,SPY,sell,limit,canceled,1,day,0.0,1,stock,,,
2022-05-02 08:30:00-04:00,sarsa_strat,02cb6b8b7297426ab36eecd6cf66f072,SPY,sell,stop,fill,1,day,0.0,1,stock,409.9724884033203,1.0,0.0
2022-05-02 08:30:00-04:00,sarsa_strat,e4a9439ac78941ddb181a0c1cad2aa0f,SPY,sell,limit,canceled,1,day,0.0,1,stock,,,
2022-05-02 08:30:00-04:00,sarsa_strat,8e41fdff1d564de7b2f0a8cead53bd4f,SPY,sell,stop,fill,1,day,0.0,1,stock,406.7139953613281,2.0,0.0
2022-05-02 09:30:00-04:00,sarsa_strat,256a6781745c449b9bc98d1a075a2b51,SPY,buy,market,new,1,gtc,0.0,1,stock,,,
2022-05-02 09:30:00-04:00,sarsa_strat,256a6781745c449b9bc98d1a075a2b51,SPY,buy,market,fill,1,gtc,0.0,1,stock,412.07000732421875,171.0,0.0
2022-05-03 09:30:00-04:00,sarsa_strat,74ceb3fbd00b4caa8f25e33bb07604e0,SPY,buy,market,new,1,gtc,0.0,1,stock,,,
2022-05-03 09:30:00-04:00,sarsa_strat,74ceb3fbd00b4caa8f25e33bb07604e0,SPY,buy,market,fill,1,gtc,0.0,1,stock,415.010009765625,76.0,0.0
2022-05-04 09:30:00-04:00,sarsa_strat,3cdd6f0c48664a9f9dc4e63d58eea93c,SPY,buy,market,new,1,gtc,0.0,1,stock,,,
2022-05-04 09:30:00-04:00,sarsa_strat,3cdd6f0c48664a9f9dc4e63d58eea93c,SPY,buy,market,fill,1,gtc,0.0,1,stock,417.0799865722656,38.0,0.0
2022-05-05 09:30:00-04:00,sarsa_strat,0c7bfd657da14eedb3a0f2fe4d1eed49,SPY,buy,market,new,1,gtc,0.0,1,stock,,,
2022-05-05 09:30:00-04:00,sarsa_strat,0c7bfd657da14eedb3a0f2fe4d1eed49,SPY,buy,market,fill,1,gtc,0.0,1,stock,424.54998779296875,19.0,0.0
2022-05-06 09:30:00-04:00,sarsa_strat,2905e6892263495c99adf2efe0ee324a,SPY,buy,market,new,1,gtc,0.0,1,stock,,,
2022-05-06 09:30:00-04:00,sarsa_strat,2905e6892263495c99adf2efe0ee324a,SPY,buy,market,fill,1,gtc,0.0,1,stock,411.1000061035156,9.0,0.0
2022-05-09 08:30:00-04:00,sarsa_strat,531ee2ddc2dc4becb60a268bb4b172c2,SPY,sell,limit,canceled,1,day,0.0,1,stock,,,
2022-05-09 08:30:00-04:00,sarsa_strat,f39332bf998b44b983f9e6325a8b6ce4,SPY,sell,stop,fill,1,day,0.0,1,stock,398.6389953613281,1.0,0.0
2022-05-09 08:30:00-04:00,sarsa_strat,53b248d2219d4f6c88da4354385affe4,SPY,sell,limit,canceled,1,day,0.0,1,stock,,,
2022-05-09 08:30:00-04:00,sarsa_strat,7d860d62e2e64f95a8210a76dcf3ccae,SPY,sell,stop,fill,1,day,0.0,1,stock,399.8455139160156,1.0,0.0
2022-05-09 08:30:00-04:00,sarsa_strat,e277331644714d06a89df5d1abe1c1b8,SPY,sell,limit,canceled,1,day,0.0,1,stock,,,
2022-05-09 08:30:00-04:00,sarsa_strat,b950d7d259b748c9bb29b2642c954be1,SPY,sell,stop,fill,1,day,0.0,1,stock,398.78148956298827,1.0,0.0
2022-05-09 08:30:00-04:00,sarsa_strat,1d9fd36ea32a4d10b703ba18ab045af0,SPY,sell,limit,canceled,1,day,0.0,1,stock,,,
2022-05-09 08:30:00-04:00,sarsa_strat,2e93ec3e246740dd8ba0aaaf05b597f1,SPY,sell,stop,fill,1,day,0.0,1,stock,403.3224884033203,19.0,0.0
2022-05-09 09:30:00-04:00,sarsa_strat,c412de48eb60411faf31677ed1bf4cbf,SPY,buy,market,new,1,gtc,0.0,1,stock,,,
2022-05-09 09:30:00-04:00,sarsa_strat,c412de48eb60411faf31677ed1bf4cbf,SPY,buy,market,fill,1,gtc,0.0,1,stock,405.1000061035156,16.0,0.0
2022-05-10 09:30:00-04:00,sarsa_strat,60f086961ab243eb9593b81350d91fc4,SPY,sell,limit,canceled,1,day,0.0,1,stock,,,
2022-05-10 09:30:00-04:00,sarsa_strat,a29ff81c20ba49b68a2db541986e9384,SPY,sell,stop,fill,1,day,0.0,1,stock,396.2259872436523,38.0,0.0
2022-05-11 09:30:00-04:00,sarsa_strat,9c4cbe2daa6e4636bc641fca681c2ab1,SPY,sell,limit,canceled,1,day,0.0,1,stock,,,
2022-05-11 09:30:00-04:00,sarsa_strat,58c28203e95249f6be8c1ec99829826e,SPY,sell,stop,fill,1,day,0.0,1,stock,394.25950927734374,76.0,0.0
2022-05-12 09:30:00-04:00,sarsa_strat,f7fe4482e8424d35a91ec92841f24e51,SPY,sell,limit,canceled,1,day,0.0,1,stock,,,
2022-05-12 09:30:00-04:00,sarsa_strat,d1a9d099ef494061903ffe2a360ff61a,SPY,sell,stop,fill,1,day,0.0,1,stock,389.3699951171875,1.0,0.0
2022-05-12 09:30:00-04:00,sarsa_strat,e05367f786a14d5b9681cb6fc152fe51,SPY,sell,limit,canceled,1,day,0.0,1,stock,,,
2022-05-12 09:30:00-04:00,sarsa_strat,bed386f1506e4c39a277264109c273b7,SPY,sell,stop,fill,1,day,0.0,1,stock,389.3699951171875,171.0,0.0
2022-05-12 09:30:00-04:00,sarsa_strat,a21ebd79443c4b8ab2482d576a35c5b0,SPY,sell,limit,canceled,1,day,0.0,1,stock,,,
2022-05-12 09:30:00-04:00,sarsa_strat,22a3987c5e524c2ab9b8f4c31aaa9f16,SPY,sell,stop,fill,1,day,0.0,1,stock,389.3699951171875,9.0,0.0
2022-05-20 09:30:00-04:00,sarsa_strat,20bcc9df68b74727a7d8f0233e3e3f0b,SPY,sell,limit,canceled,1,day,0.0,1,stock,,,
2022-05-20 09:30:00-04:00,sarsa_strat,3685ab9c0c8d43839b3516dcaf3d2e78,SPY,sell,stop,fill,1,day,0.0,1,stock,384.8450057983398,16.0,0.0
2022-05-27 09:30:00-04:00,sarsa_strat,3eb9ed44301f4b788bb9598b117704ae,SPY,buy,market,new,1,gtc,0.0,1,stock,,,
2022-05-27 09:30:00-04:00,sarsa_strat,3eb9ed44301f4b788bb9598b117704ae,SPY,buy,market,fill,1,gtc,0.0,1,stock,407.9100036621094,166.0,0.0
2022-05-31 09:30:00-04:00,sarsa_strat,3c542fb0065c432da1f02bc73ee87944,SPY,buy,market,new,1,gtc,0.0,1,stock,,,
2022-05-31 09:30:00-04:00,sarsa_strat,3c542fb0065c432da1f02bc73ee87944,SPY,buy,market,fill,1,gtc,0.0,1,stock,413.54998779296875,73.0,0.0
2022-06-01 09:30:00-04:00,sarsa_strat,d9640393586948a6af14916148ea57b5,SPY,buy,market,new,1,gtc,0.0,1,stock,,,
2022-06-01 09:30:00-04:00,sarsa_strat,d9640393586948a6af14916148ea57b5,SPY,buy,market,fill,1,gtc,0.0,1,stock,415.1700134277344,38.0,0.0
2022-06-02 09:30:00-04:00,sarsa_strat,4ae4646969034e3ba1eaf4c4939421f5,SPY,buy,market,new,1,gtc,0.0,1,stock,,,
2022-06-02 09:30:00-04:00,sarsa_strat,4ae4646969034e3ba1eaf4c4939421f5,SPY,buy,market,fill,1,gtc,0.0,1,stock,409.4200134277344,18.0,0.0
2022-06-03 09:30:00-04:00,sarsa_strat,28eb32ce7f90453faf911eb8bba50237,SPY,buy,market,new,1,gtc,0.0,1,stock,,,
2022-06-03 09:30:00-04:00,sarsa_strat,28eb32ce7f90453faf911eb8bba50237,SPY,buy,market,fill,1,gtc,0.0,1,stock,412.3999938964844,9.0,0.0
2022-06-06 09:30:00-04:00,sarsa_strat,9889a5f12617403ba51e294285aa6d7c,SPY,buy,market,new,1,gtc,0.0,1,stock,,,
2022-06-06 09:30:00-04:00,sarsa_strat,9889a5f12617403ba51e294285aa6d7c,SPY,buy,market,fill,1,gtc,0.0,1,stock,414.7799987792969,4.0,0.0
2022-06-07 09:30:00-04:00,sarsa_strat,34a4cf1b44e94d108976705dce60e2f0,SPY,buy,market,new,1,gtc,0.0,1,stock,,,
2022-06-07 09:30:00-04:00,sarsa_strat,34a4cf1b44e94d108976705dce60e2f0,SPY,buy,market,fill,1,gtc,0.0,1,stock,408.1000061035156,2.0,0.0
2022-06-09 09:30:00-04:00,sarsa_strat,b6e5b20869344124ba05cabe850f223a,SPY,buy,market,new,1,gtc,0.0,1,stock,,,
2022-06-09 09:30:00-04:00,sarsa_strat,b6e5b20869344124ba05cabe850f223a,SPY,buy,market,fill,1,gtc,0.0,1,stock,409.3399963378906,1.0,0.0
2022-06-10 09:30:00-04:00,sarsa_strat,05638f34510942dc8c7ae81406148d5f,SPY,buy,market,new,1,gtc,0.0,1,stock,,,
2022-06-10 09:30:00-04:00,sarsa_strat,9458916cc2924c1da3cd0d6cc65df839,SPY,sell,limit,canceled,1,day,0.0,1,stock,,,
2022-06-10 09:30:00-04:00,sarsa_strat,cd538eab7b804cd48a51cb3aa7521d18,SPY,sell,stop,fill,1,day,0.0,1,stock,392.8724884033203,73.0,0.0
2022-06-10 09:30:00-04:00,sarsa_strat,f3d07392cc944ae3a515b8185a5bce16,SPY,sell,limit,canceled,1,day,0.0,1,stock,,,
2022-06-10 09:30:00-04:00,sarsa_strat,0f4cd66cc0f445eba30d04c2df35c0c1,SPY,sell,stop,fill,1,day,0.0,1,stock,394.41151275634763,38.0,0.0
2022-06-10 09:30:00-04:00,sarsa_strat,a188b42abaa64433ba7dda1bfaa1318d,SPY,sell,limit,canceled,1,day,0.0,1,stock,,,
2022-06-10 09:30:00-04:00,sarsa_strat,f9e36d33b54944cf9789f183125d7926,SPY,sell,stop,fill,1,day,0.0,1,stock,391.77999420166014,9.0,0.0
2022-06-10 09:30:00-04:00,sarsa_strat,431faa54ce824eaa85bdbb27773305f8,SPY,sell,limit,canceled,1,day,0.0,1,stock,,,
2022-06-10 09:30:00-04:00,sarsa_strat,ba7bcd4694dc4301bbe8758127dea2b2,SPY,sell,stop,fill,1,day,0.0,1,stock,394.040998840332,4.0,0.0
2022-06-10 09:30:00-04:00,sarsa_strat,05638f34510942dc8c7ae81406148d5f,SPY,buy,market,fill,1,gtc,0.0,1,stock,394.8800048828125,1.0,0.0
2022-06-13 08:30:00-04:00,sarsa_strat,a533dd7b13794815b7a9ee8cf603c5a1,SPY,sell,limit,canceled,1,day,0.0,1,stock,,,
2022-06-13 08:30:00-04:00,sarsa_strat,54894773c36e4be5b6518f56fcfc9d7f,SPY,sell,stop,fill,1,day,0.0,1,stock,379.8500061035156,166.0,0.0
2022-06-13 08:30:00-04:00,sarsa_strat,f7ce1182f20f43899f7831829d079aa4,SPY,sell,limit,canceled,1,day,0.0,1,stock,,,
2022-06-13 08:30:00-04:00,sarsa_strat,b6671a147a4e4f7fb13c0dd9252beaa2,SPY,sell,stop,fill,1,day,0.0,1,stock,379.8500061035156,18.0,0.0
2022-06-13 08:30:00-04:00,sarsa_strat,5e357ff9be1043c4b36ba68c98e1baa9,SPY,sell,limit,canceled,1,day,0.0,1,stock,,,
2022-06-13 08:30:00-04:00,sarsa_strat,e5403b5e233e4e148b216720cb4b2689,SPY,sell,stop,fill,1,day,0.0,1,stock,379.8500061035156,2.0,0.0
2022-06-13 08:30:00-04:00,sarsa_strat,c82692bf9b8046ffac45d3a02000f39a,SPY,sell,limit,canceled,1,day,0.0,1,stock,,,
2022-06-13 08:30:00-04:00,sarsa_strat,62c3552b9de54ddcaf8ccb3760a9f0d2,SPY,sell,stop,fill,1,day,0.0,1,stock,379.8500061035156,1.0,0.0
2022-06-13 08:30:00-04:00,sarsa_strat,8bdcbef2dfb64cf5bc00be9d848b3f86,SPY,sell,limit,canceled,1,day,0.0,1,stock,,,
2022-06-13 08:30:00-04:00,sarsa_strat,4eb47a280b494e1bbde44491153563b0,SPY,sell,stop,fill,1,day,0.0,1,stock,375.13600463867186,1.0,0.0
2022-07-05 09:30:00-04:00,sarsa_strat,eb85662c4b9a440da4321d401cc9d938,SPY,buy,market,new,1,gtc,0.0,1,stock,,,
2022-07-05 09:30:00-04:00,sarsa_strat,eb85662c4b9a440da4321d401cc9d938,SPY,buy,market,fill,1,gtc,0.0,1,stock,375.8800048828125,160.0,0.0
2022-07-25 09:30:00-04:00,sarsa_strat,e2669c9107b0458398295096a80a8bee,SPY,buy,market,new,1,gtc,0.0,1,stock,,,
2022-07-25 09:30:00-04:00,sarsa_strat,e2669c9107b0458398295096a80a8bee,SPY,buy,market,fill,1,gtc,0.0,1,stock,395.75,76.0,0.0
2022-07-26 09:30:00-04:00,sarsa_strat,5f29e0d881834f93965723f10d2c36f4,SPY,buy,market,new,1,gtc,0.0,1,stock,,,
2022-07-26 09:30:00-04:00,sarsa_strat,5f29e0d881834f93965723f10d2c36f4,SPY,buy,market,fill,1,gtc,0.0,1,stock,393.8399963378906,38.0,0.0
2022-08-03 09:30:00-04:00,sarsa_strat,01e8196d78304d6da982921ea76c55dc,SPY,buy,market,new,1,gtc,0.0,1,stock,,,
2022-08-03 09:30:00-04:00,sarsa_strat,01e8196d78304d6da982921ea76c55dc,SPY,buy,market,fill,1,gtc,0.0,1,stock,410.29998779296875,18.0,0.0
2022-08-04 09:30:00-04:00,sarsa_strat,18fd40c306a94b639385845039bd3f72,SPY,buy,market,new,1,gtc,0.0,1,stock,,,
2022-08-04 09:30:00-04:00,sarsa_strat,18fd40c306a94b639385845039bd3f72,SPY,buy,market,fill,1,gtc,0.0,1,stock,414.3699951171875,9.0,0.0
2022-08-05 09:30:00-04:00,sarsa_strat,9ee99e9e46da49cabffb10a4c899cdfe,SPY,buy,market,new,1,gtc,0.0,1,stock,,,
2022-08-05 09:30:00-04:00,sarsa_strat,9ee99e9e46da49cabffb10a4c899cdfe,SPY,buy,market,fill,1,gtc,0.0,1,stock,409.6600036621094,5.0,0.0
2022-08-09 09:30:00-04:00,sarsa_strat,48095fee7b7a4bf78bc12c3d6ba7cfb6,SPY,buy,market,new,1,gtc,0.0,1,stock,,,
2022-08-09 09:30:00-04:00,sarsa_strat,48095fee7b7a4bf78bc12c3d6ba7cfb6,SPY,buy,market,fill,1,gtc,0.0,1,stock,412.2200012207031,3.0,0.0
2022-08-10 09:30:00-04:00,sarsa_strat,8617b82ca47b4b5f96a5229a3cb3ae47,SPY,buy,market,new,1,gtc,0.0,1,stock,,,
2022-08-10 09:30:00-04:00,sarsa_strat,8617b82ca47b4b5f96a5229a3cb3ae47,SPY,buy,market,fill,1,gtc,0.0,1,stock,418.7799987792969,1.0,0.0
2022-08-30 09:30:00-04:00,sarsa_strat,869ecb00c39748e9aa207537863d0b70,SPY,sell,limit,canceled,1,day,0.0,1,stock,,,
2022-08-30 09:30:00-04:00,sarsa_strat,d698633bdeb34777bf3eaf15a8a65fd3,SPY,sell,stop,fill,1,day,0.0,1,stock,397.840998840332,1.0,0.0
2022-09-01 09:30:00-04:00,sarsa_strat,a792777e386745049ce74c1ccc0ef98e,SPY,sell,limit,canceled,1,day,0.0,1,stock,,,
2022-09-01 09:30:00-04:00,sarsa_strat,65a2efc84fb14f33b4043e394762f185,SPY,sell,stop,fill,1,day,0.0,1,stock,392.8900146484375,9.0,0.0
2022-09-01 09:30:00-04:00,sarsa_strat,cd332a056de147929d994a089b071c07,SPY,sell,limit,canceled,1,day,0.0,1,stock,,,
2022-09-01 09:30:00-04:00,sarsa_strat,c26d22c67e47486db5bef1f19384fced,SPY,sell,stop,fill,1,day,0.0,1,stock,391.60900115966797,3.0,0.0
2022-09-06 08:30:00-04:00,sarsa_strat,bf02b6aee238417eaf99c6e10b16648a,SPY,sell,limit,canceled,1,day,0.0,1,stock,,,
2022-09-06 08:30:00-04:00,sarsa_strat,069cfd65f9eb46fd815815017f3fd385,SPY,sell,stop,fill,1,day,0.0,1,stock,389.7849884033203,18.0,0.0
2022-09-06 08:30:00-04:00,sarsa_strat,27382c3d27e64d7ca11522b4a1bf9afc,SPY,sell,limit,canceled,1,day,0.0,1,stock,,,
2022-09-06 08:30:00-04:00,sarsa_strat,0a706d91ae914ae984c8b069f8fd5ec6,SPY,sell,stop,fill,1,day,0.0,1,stock,389.1770034790039,5.0,0.0
2022-09-09 09:30:00-04:00,sarsa_strat,12176503c1b9469fa4c7f49852c39eed,SPY,buy,market,new,1,gtc,0.0,1,stock,,,
2022-09-09 09:30:00-04:00,sarsa_strat,12176503c1b9469fa4c7f49852c39eed,SPY,buy,market,fill,1,gtc,0.0,1,stock,402.739990234375,20.0,0.0
2022-09-12 09:30:00-04:00,sarsa_strat,32250f846ff147a5b56d9068d8da26cc,SPY,buy,market,new,1,gtc,0.0,1,stock,,,
2022-09-12 09:30:00-04:00,sarsa_strat,32250f846ff147a5b56d9068d8da26cc,SPY,buy,market,fill,1,gtc,0.0,1,stock,408.7799987792969,8.0,0.0
2022-09-16 09:30:00-04:00,sarsa_strat,1e137e03b7244322b3f7cb279cba927f,SPY,sell,limit,canceled,1,day,0.0,1,stock,,,
2022-09-16 09:30:00-04:00,sarsa_strat,ef9e7f9e450b49d68aa6a25a11e711ce,SPY,sell,stop,fill,1,day,0.0,1,stock,382.6029907226562,20.0,0.0
2022-09-16 09:30:00-04:00,sarsa_strat,3167cfeb03704fc9b3ee6877c204f15f,SPY,sell,limit,canceled,1,day,0.0,1,stock,,,
2022-09-16 09:30:00-04:00,sarsa_strat,071720a146894cd3961b2f55bb922bbd,SPY,sell,stop,fill,1,day,0.0,1,stock,384.1400146484375,8.0,0.0
2022-09-22 09:30:00-04:00,sarsa_strat,d2949c4177434b36bbab97cbeee76260,SPY,sell,limit,canceled,1,day,0.0,1,stock,,,
2022-09-22 09:30:00-04:00,sarsa_strat,5af7660c6e3a4024a028d360a363ca8c,SPY,sell,stop,fill,1,day,0.0,1,stock,375.9625,76.0,0.0
2022-09-22 09:30:00-04:00,sarsa_strat,830ec382a35a447585a253b290e780fa,SPY,sell,limit,canceled,1,day,0.0,1,stock,,,
2022-09-22 09:30:00-04:00,sarsa_strat,378a3d031c4d4bf38c165b07a49fac35,SPY,sell,stop,fill,1,day,0.0,1,stock,374.14799652099606,38.0,0.0
2022-09-28 09:30:00-04:00,sarsa_strat,f2564fa956d447c9b31dd8d32ecb9531,SPY,buy,market,new,1,gtc,0.0,1,stock,,,
2022-09-28 09:30:00-04:00,sarsa_strat,f2564fa956d447c9b31dd8d32ecb9531,SPY,buy,market,fill,1,gtc,0.0,1,stock,364.3800048828125,78.0,0.0
2022-09-30 09:30:00-04:00,sarsa_strat,84375db5e2d94a72a1334b78701f8a43,SPY,sell,limit,canceled,1,day,0.0,1,stock,,,
2022-09-30 09:30:00-04:00,sarsa_strat,3aeef5658bc74427b394b95356131891,SPY,sell,stop,fill,1,day,0.0,1,stock,357.08600463867185,160.0,0.0
2022-10-07 09:30:00-04:00,sarsa_strat,031fe8f072104601b1c0bd8025064c9a,SPY,sell,stop,canceled,1,day,0.0,1,stock,,,
2022-10-07 09:30:00-04:00,sarsa_strat,dfbd889de3d6447383b5f389a76181cb,SPY,sell,limit,canceled,1,day,0.0,1,stock,,,
2022-10-07 09:30:00-04:00,sarsa_strat,4f7b5eb0af234215877929485f691691,SPY,sell,market,new,1,day,0.0,1,stock,,,
2022-10-07 09:30:00-04:00,sarsa_strat,4f7b5eb0af234215877929485f691691,SPY,sell,market,fill,1,day,0.0,1,stock,368.9700012207031,78.0,0.0
2022-10-31 09:30:00-04:00,sarsa_strat,12ba277f8328461399847bf722b3765b,SPY,buy,market,new,1,gtc,0.0,1,stock,,,
2022-10-31 09:30:00-04:00,sarsa_strat,12ba277f8328461399847bf722b3765b,SPY,buy,market,fill,1,gtc,0.0,1,stock,386.44000244140625,167.0,0.0
2022-11-01 09:30:00-04:00,sarsa_strat,4cef0d60adf84e719c49e29b71963564,SPY,buy,market,new,1,gtc,0.0,1,stock,,,
2022-11-01 09:30:00-04:00,sarsa_strat,4cef0d60adf84e719c49e29b71963564,SPY,buy,market,fill,1,gtc,0.0,1,stock,390.1400146484375,64.0,0.0
2022-11-02 09:30:00-04:00,sarsa_strat,e7f974fa482f4248b8eba29db15fe92e,SPY,buy,market,new,1,gtc,0.0,1,stock,,,
2022-11-02 09:30:00-04:00,sarsa_strat,e7f974fa482f4248b8eba29db15fe92e,SPY,buy,market,fill,1,gtc,0.0,1,stock,383.8999938964844,35.0,0.0
2022-11-03 09:30:00-04:00,sarsa_strat,29c0d9b1da4148ee9396f02888616778,SPY,sell,limit,canceled,1,day,0.0,1,stock,,,
2022-11-03 09:30:00-04:00,sarsa_strat,9187c465a01441ffbef6a5d604739e80,SPY,sell,stop,fill,1,day,0.0,1,stock,370.6330139160156,64.0,0.0
2022-11-23 09:30:00-05:00,sarsa_strat,5ce379c37dd2479284782f2f113e4745,SPY,sell,stop,canceled,1,day,0.0,1,stock,,,
2022-11-23 09:30:00-05:00,sarsa_strat,2d2cb794074f4a8382ad09799bfd5e28,SPY,sell,limit,canceled,1,day,0.0,1,stock,,,
2022-11-23 09:30:00-05:00,sarsa_strat,774ab6d77ea74a398a505961976ef762,SPY,sell,stop,canceled,1,day,0.0,1,stock,,,
2022-11-23 09:30:00-05:00,sarsa_strat,cfaa86e61c294660b9ccfa0c3c1d2756,SPY,sell,limit,canceled,1,day,0.0,1,stock,,,
2022-11-23 09:30:00-05:00,sarsa_strat,699cc3e4259c4d01a05c7a4234b4e2c1,SPY,sell,market,new,1,day,0.0,1,stock,,,
2022-11-23 09:30:00-05:00,sarsa_strat,699cc3e4259c4d01a05c7a4234b4e2c1,SPY,sell,market,fill,1,day,0.0,1,stock,399.54998779296875,202.0,0.0
2023-01-11 09:30:00-05:00,sarsa_strat,59c6fd2bdc794685880a68e1c6c124ac,SPY,buy,market,new,1,gtc,0.0,1,stock,,,
2023-01-11 09:30:00-05:00,sarsa_strat,59c6fd2bdc794685880a68e1c6c124ac,SPY,buy,market,fill,1,gtc,0.0,1,stock,392.2300109863281,157.0,0.0
2023-01-12 09:30:00-05:00,sarsa_strat,95b7fcf1f9c14940859ebf2463fc291a,SPY,buy,market,new,1,gtc,0.0,1,stock,,,
2023-01-12 09:30:00-05:00,sarsa_strat,95b7fcf1f9c14940859ebf2463fc291a,SPY,buy,market,fill,1,gtc,0.0,1,stock,396.6700134277344,76.0,0.0
2023-01-13 09:30:00-05:00,sarsa_strat,d93d103d45474705a52d59ef51489707,SPY,buy,market,new,1,gtc,0.0,1,stock,,,
2023-01-13 09:30:00-05:00,sarsa_strat,d93d103d45474705a52d59ef51489707,SPY,buy,market,fill,1,gtc,0.0,1,stock,393.6199951171875,37.0,0.0
2023-01-17 09:30:00-05:00,sarsa_strat,2f67c6b8469e4a518055c3e8ac90de7e,SPY,buy,market,new,1,gtc,0.0,1,stock,,,
2023-01-17 09:30:00-05:00,sarsa_strat,2f67c6b8469e4a518055c3e8ac90de7e,SPY,buy,market,fill,1,gtc,0.0,1,stock,398.4800109863281,12.0,0.0
2023-01-18 09:30:00-05:00,sarsa_strat,af0f3d45f2f24b87b6278b367a3793e6,SPY,buy,market,new,1,gtc,0.0,1,stock,,,
2023-01-18 09:30:00-05:00,sarsa_strat,af0f3d45f2f24b87b6278b367a3793e6,SPY,buy,market,fill,1,gtc,0.0,1,stock,399.010009765625,6.0,0.0
2023-02-27 09:30:00-05:00,sarsa_strat,ee855698707749a9864eb07510f2e9b3,SPY,buy,market,new,1,gtc,0.0,1,stock,,,
2023-02-27 09:30:00-05:00,sarsa_strat,ee855698707749a9864eb07510f2e9b3,SPY,buy,market,fill,1,gtc,0.0,1,stock,399.8699951171875,3.0,0.0
2023-02-28 09:30:00-05:00,sarsa_strat,4e750385558b40f797829dddfadce70b,SPY,buy,market,new,1,gtc,0.0,1,stock,,,
2023-02-28 09:30:00-05:00,sarsa_strat,4e750385558b40f797829dddfadce70b,SPY,buy,market,fill,1,gtc,0.0,1,stock,397.2300109863281,2.0,0.0
2023-03-24 09:30:00-04:00,sarsa_strat,48259e890d00469db9c1e578c997e686,SPY,buy,market,new,1,gtc,0.0,1,stock,,,
2023-03-24 09:30:00-04:00,sarsa_strat,48259e890d00469db9c1e578c997e686,SPY,buy,market,fill,1,gtc,0.0,1,stock,391.8399963378906,1.0,0.0
2023-03-27 09:30:00-04:00,sarsa_strat,5bfec1aab8fe466e89af42b0ecf5261e,SPY,buy,market,new,1,gtc,0.0,1,stock,,,
2023-03-27 09:30:00-04:00,sarsa_strat,5bfec1aab8fe466e89af42b0ecf5261e,SPY,buy,market,fill,1,gtc,0.0,1,stock,398.1199951171875,1.0,0.0
2023-06-28 09:30:00-04:00,sarsa_strat,88647ac5583e405eb2b079ebc8c5cd34,SPY,buy,market,new,1,gtc,0.0,1,stock,,,
2023-06-28 09:30:00-04:00,sarsa_strat,88647ac5583e405eb2b079ebc8c5cd34,SPY,buy,market,fill,1,gtc,0.0,1,stock,435.04998779296875,1.0,0.0
2023-10-02 09:30:00-04:00,sarsa_strat,453e8d52dd8c41769416d2ebdf8b864e,SPY,buy,market,new,1,gtc,0.0,1,stock,,,
2023-10-02 09:30:00-04:00,sarsa_strat,453e8d52dd8c41769416d2ebdf8b864e,SPY,buy,market,fill,1,gtc,0.0,1,stock,426.6199951171875,1.0,0.0
2023-10-26 09:30:00-04:00,sarsa_strat,9e2f115ce3cb4ad9bc82a4e780e44a7a,SPY,sell,limit,canceled,1,day,0.0,1,stock,,,
2023-10-26 09:30:00-04:00,sarsa_strat,4d49cd1526914fd0862e9d4a7d491025,SPY,sell,stop,fill,1,day,0.0,1,stock,413.2974884033203,1.0,0.0
2023-11-02 09:30:00-04:00,sarsa_strat,dbcdf88128314d71a7c70c1c78aaa5eb,SPY,buy,market,new,1,gtc,0.0,1,stock,,,
2023-11-02 09:30:00-04:00,sarsa_strat,dbcdf88128314d71a7c70c1c78aaa5eb,SPY,buy,market,fill,1,gtc,0.0,1,stock,426.5799865722656,1.0,0.0
